Date,Year,Month,Day,Weekday,Week_Number,Year_Week,Open,High,Low,Close,Volume,Adj Close,Return,Short_MA,Long_MA,Label_x,Label_y,mean_return,volatility
1/2/2020,2020,1,2,Thursday,0,2020-00,139.79,141.1,139.26,141.09,10803700,132.02,0.0,129.3335714,123.5898,Red,Red,-0.659,0.9319667376038697
1/3/2020,2020,1,3,Friday,0,2020-00,137.5,139.23,137.08,138.34,10386800,130.28,-1.318,129.4142857,123.86,Red,Red,-0.659,0.9319667376038697
1/6/2020,2020,1,6,Monday,1,2020-01,136.56,138.27,136.5,138.23,10259000,130.17,-0.084,129.5685714,124.1218,Red,Red,-0.3268,1.0115254322062297
1/7/2020,2020,1,7,Tuesday,1,2020-01,137.28,137.86,135.82,135.88,10531300,127.96,-1.698,129.5292857,124.3412,Red,Red,-0.3268,1.0115254322062297
1/8/2020,2020,1,8,Wednesday,1,2020-01,135.7,137.58,135.6,136.94,9695300,128.96,0.781,129.505,124.5618,Red,Red,-0.3268,1.0115254322062297
1/9/2020,2020,1,9,Thursday,1,2020-01,138.05,138.23,137.04,137.44,9469000,129.43,0.364,129.5235714,124.7828,Red,Red,-0.3268,1.0115254322062297
1/10/2020,2020,1,10,Friday,1,2020-01,137.21,137.25,135.81,136.07,10190900,128.14,-0.997,129.4964286,124.9796,Red,Red,-0.3268,1.0115254322062297
1/13/2020,2020,1,13,Monday,2,2020-02,136.19,137.2,135.76,137.2,12355200,129.2,0.827,129.5521429,125.2106,Green,Green,0.316,1.053110867857701
1/14/2020,2020,1,14,Tuesday,2,2020-02,137.94,140.76,137.69,138.8,24906000,130.71,1.169,129.7185714,125.487,Green,Green,0.316,1.053110867857701
1/15/2020,2020,1,15,Wednesday,2,2020-02,137.85,138.6,136.15,136.72,16293400,128.75,-1.5,129.7192857,125.6704,Green,Green,0.316,1.053110867857701
1/16/2020,2020,1,16,Thursday,2,2020-02,137.45,137.9,136.84,137.25,10783800,129.25,0.388,129.6585714,125.8446,Green,Green,0.316,1.053110867857701
1/17/2020,2020,1,17,Friday,2,2020-02,137.54,138.29,137.32,138.2,14697700,130.15,0.696,129.6557143,126.0316,Green,Green,0.316,1.053110867857701
1/21/2020,2020,1,21,Tuesday,3,2020-03,137.19,138.07,136.69,136.84,8474200,128.86,-0.991,129.5942857,126.189,Red,Red,-0.92225,1.1193627279245395
1/22/2020,2020,1,22,Wednesday,3,2020-03,137.24,137.4,136.38,136.68,7549100,128.71,-0.116,129.4707143,126.3304,Red,Red,-0.92225,1.1193627279245395
1/23/2020,2020,1,23,Thursday,3,2020-03,135.71,136.74,134.72,136.54,9345700,128.58,-0.101,129.225,126.462,Red,Red,-0.92225,1.1193627279245395
1/24/2020,2020,1,24,Friday,3,2020-03,136.37,136.43,132.32,133.15,15166400,125.39,-2.481,128.8757143,126.5384,Red,Red,-0.92225,1.1193627279245395
1/27/2020,2020,1,27,Monday,4,2020-04,130.27,132.94,129.71,132.03,12860500,124.33,-0.845,128.4585714,126.6078,Red,Red,-0.10579999999999998,1.7511728070067785
1/28/2020,2020,1,28,Tuesday,4,2020-04,132.84,134.97,132.48,134.43,13062800,126.6,1.826,128.3614286,126.7354,Red,Red,-0.10579999999999998,1.7511728070067785
1/29/2020,2020,1,29,Wednesday,4,2020-04,134.81,135.54,133.69,134.23,9326000,126.41,-0.15,128.1792857,126.857,Red,Red,-0.10579999999999998,1.7511728070067785
1/30/2020,2020,1,30,Thursday,4,2020-04,132.69,136.13,132.69,135.89,9048900,127.97,1.234,128.075,126.9924,Red,Red,-0.10579999999999998,1.7511728070067785
1/31/2020,2020,1,31,Friday,4,2020-04,134.49,134.83,131.47,132.36,12785200,124.65,-2.594,127.8257143,127.041,Red,Red,-0.10579999999999998,1.7511728070067785
2/3/2020,2020,2,3,Monday,5,2020-05,132.66,134.24,132.66,133.37,10021100,125.6,0.762,127.5685714,127.1092,Green,Green,0.7194,0.8727458392911421
2/4/2020,2020,2,4,Tuesday,5,2020-05,135.55,136.6,135.08,135.29,9157100,127.4,1.433,127.3321429,127.2312,Green,Green,0.7194,0.8727458392911421
2/5/2020,2020,2,5,Wednesday,5,2020-05,136.57,137.73,136.01,137.59,10150700,129.57,1.703,127.3907143,127.391,Green,Green,0.7194,0.8727458392911421
2/6/2020,2020,2,6,Thursday,5,2020-05,138.24,138.29,137.11,137.61,8992300,129.59,0.015,127.415,127.5352,Green,Green,0.7194,0.8727458392911421
2/7/2020,2020,2,7,Friday,5,2020-05,136.73,137.67,136.3,137.17,6379800,129.18,-0.316,127.3457143,127.658,Green,Green,0.7194,0.8727458392911421
2/10/2020,2020,2,10,Monday,6,2020-06,136.95,137.85,136.75,137.74,5960700,129.71,0.41,127.4064286,127.7882,Green,Green,0.042199999999999994,0.2715275308325106
2/11/2020,2020,2,11,Tuesday,6,2020-06,138.26,138.82,137.78,138.0,6578600,129.96,0.193,127.4957143,127.916,Green,Green,0.042199999999999994,0.2715275308325106
2/12/2020,2020,2,12,Wednesday,6,2020-06,138.6,139.29,137.8,138.0,7958000,129.96,0.0,127.5942857,128.0494,Green,Green,0.042199999999999994,0.2715275308325106
2/13/2020,2020,2,13,Thursday,6,2020-06,137.75,138.34,136.4,137.88,7447500,129.84,-0.092,127.9121429,128.1858,Green,Green,0.042199999999999994,0.2715275308325106
2/14/2020,2020,2,14,Friday,6,2020-06,137.84,138.19,136.94,137.46,6627600,129.45,-0.3,128.2778571,128.346,Green,Green,0.042199999999999994,0.2715275308325106
2/18/2020,2020,2,18,Tuesday,7,2020-07,137.34,137.71,135.05,135.64,8996400,127.73,-1.329,128.3585714,128.424,Red,Red,-0.29674999999999996,1.2647638448869944
2/19/2020,2020,2,19,Wednesday,7,2020-07,136.91,138.39,136.34,137.49,7071200,129.48,1.37,128.5778571,128.5234,Red,Red,-0.29674999999999996,1.2647638448869944
2/20/2020,2020,2,20,Thursday,7,2020-07,137.17,138.36,136.53,137.49,7422800,129.48,0.0,128.6857143,128.5858,Red,Red,-0.29674999999999996,1.2647638448869944
2/21/2020,2020,2,21,Friday,7,2020-07,136.55,136.92,134.92,135.81,9772800,127.89,-1.228,128.9171429,128.6282,Red,Red,-0.29674999999999996,1.2647638448869944
2/24/2020,2020,2,24,Monday,8,2020-08,131.44,133.2,130.8,132.16,13618400,124.46,-2.682,128.8357143,128.6004,Red,Red,-3.0688000000000004,2.017148779837521
2/25/2020,2020,2,25,Tuesday,8,2020-08,131.0,132.23,125.59,126.26,20797200,118.9,-4.467,128.2285714,128.4674,Red,Red,-3.0688000000000004,2.017148779837521
2/26/2020,2020,2,26,Wednesday,8,2020-08,126.93,128.95,126.34,126.64,24825600,119.26,0.303,127.4921429,128.2696,Red,Red,-3.0688000000000004,2.017148779837521
2/27/2020,2020,2,27,Thursday,8,2020-08,122.91,125.62,121.3,121.37,23005500,114.3,-4.159,126.4,127.9954,Red,Red,-3.0688000000000004,2.017148779837521
2/28/2020,2020,2,28,Friday,8,2020-08,117.52,118.49,112.66,116.11,45931400,109.34,-4.339,124.9828571,127.612,Red,Red,-3.0688000000000004,2.017148779837521
3/2/2020,2020,3,2,Monday,9,2020-09,116.63,121.58,114.46,121.52,27355400,114.44,4.664,123.8921429,127.3148,Red,Red,-1.3388000000000002,4.575919546932616
3/3/2020,2020,3,3,Tuesday,9,2020-09,120.97,122.95,116.24,116.96,32547700,110.14,-3.757,122.4764286,126.9342,Red,Red,-1.3388000000000002,4.575919546932616
3/4/2020,2020,3,4,Wednesday,9,2020-09,118.33,120.19,114.7,119.85,25795900,112.86,2.47,121.255,126.621,Red,Red,-1.3388000000000002,4.575919546932616
3/5/2020,2020,3,5,Thursday,9,2020-09,115.67,116.43,112.58,113.97,25025600,107.33,-4.9,119.6471429,126.1992,Red,Red,-1.3388000000000002,4.575919546932616
3/6/2020,2020,3,6,Friday,9,2020-09,106.26,110.32,105.02,108.08,38159400,101.78,-5.171,117.6707143,125.6672,Red,Red,-1.3388000000000002,4.575919546932616
3/9/2020,2020,3,9,Monday,10,2020-10,96.57,99.23,93.0,93.44,40352000,87.99,-13.549,114.8321429,124.8522,Red,Red,-0.14339999999999975,12.827406491571084
3/10/2020,2020,3,10,Tuesday,10,2020-10,99.0,101.28,94.58,100.7,31102700,94.83,7.774,112.3571429,124.1468,Red,Red,-0.14339999999999975,12.827406491571084
3/11/2020,2020,3,11,Wednesday,10,2020-10,97.7,100.05,94.55,95.96,38127000,90.37,-4.703,109.5635714,123.3504,Red,Red,-0.14339999999999975,12.827406491571084
3/12/2020,2020,3,12,Thursday,10,2020-10,89.59,96.96,86.32,88.05,49725200,82.92,-8.244,106.3514286,122.4144,Red,Red,-0.14339999999999975,12.827406491571084
3/13/2020,2020,3,13,Friday,10,2020-10,95.99,103.99,92.0,103.91,38543300,97.85,18.005,104.4507143,121.7626,Red,Red,-0.14339999999999975,12.827406491571084
3/16/2020,2020,3,16,Monday,11,2020-11,85.2,93.98,84.55,88.36,38589700,83.21,-14.962,101.9014286,120.7864,Red,Red,-3.9617999999999993,8.675197012172116
3/17/2020,2020,3,17,Tuesday,11,2020-11,90.89,97.44,87.5,93.76,35239800,88.3,6.117,99.69,119.9468,Red,Red,-3.9617999999999993,8.675197012172116
3/18/2020,2020,3,18,Wednesday,11,2020-11,87.67,90.79,80.36,83.89,41525600,79.0,-10.532,97.16857143,118.9234,Red,Red,-3.9617999999999993,8.675197012172116
3/19/2020,2020,3,19,Thursday,11,2020-11,81.56,88.11,76.91,85.3,32175100,80.33,1.684,95.09642857,117.9708,Red,Red,-3.9617999999999993,8.675197012172116
3/20/2020,2020,3,20,Friday,11,2020-11,86.3,89.46,82.48,83.5,30150800,78.63,-2.116,92.53857143,116.9642,Red,Red,-3.9617999999999993,8.675197012172116
3/23/2020,2020,3,23,Monday,12,2020-12,82.68,83.75,78.09,79.03,32536600,74.42,-5.354,89.98714286,115.864,Green,Green,2.0241999999999996,8.10919692078075
3/24/2020,2020,3,24,Tuesday,12,2020-12,84.9,90.1,82.9,88.43,34363200,83.28,11.905,87.87428571,114.9668,Green,Green,2.0241999999999996,8.10919692078075
3/25/2020,2020,3,25,Wednesday,12,2020-12,89.24,95.15,84.54,91.73,38111700,86.38,3.722,86.37785714,114.1104,Green,Green,2.0241999999999996,8.10919692078075
3/26/2020,2020,3,26,Thursday,12,2020-12,94.08,98.57,93.54,98.12,29826300,92.4,6.969,85.70785714,113.3442,Green,Green,2.0241999999999996,8.10919692078075
3/27/2020,2020,3,27,Friday,12,2020-12,93.19,94.84,90.55,91.13,30041500,85.82,-7.121,85.55285714,112.4856,Green,Green,2.0241999999999996,8.10919692078075
3/30/2020,2020,3,30,Monday,13,2020-13,90.65,94.09,89.3,93.5,21656900,88.05,2.598,85.06857143,111.6616,Red,Red,-1.3274000000000001,4.305766168755567
3/31/2020,2020,3,31,Tuesday,13,2020-13,92.05,94.17,89.34,90.03,23379300,84.78,-3.714,84.66928571,110.7542,Red,Red,-1.3274000000000001,4.305766168755567
4/1/2020,2020,4,1,Wednesday,13,2020-13,85.1,86.56,83.25,84.36,28029600,79.44,-6.299,84.42071429,109.7658,Red,Red,-1.3274000000000001,4.305766168755567
4/2/2020,2020,4,2,Thursday,13,2020-13,83.51,87.91,82.96,87.51,24018000,82.41,3.739,83.31785714,108.8398,Red,Red,-1.3274000000000001,4.305766168755567
4/3/2020,2020,4,3,Friday,13,2020-13,86.0,87.48,82.77,84.05,21199400,79.97,-2.961,83.08642857,107.8676,Red,Red,-1.3274000000000001,4.305766168755567
4/6/2020,2020,4,6,Monday,14,2020-14,88.99,90.99,87.7,89.46,26820800,85.12,6.44,82.85928571,107.0622,Green,Green,5.1935,3.274789407987431
4/7/2020,2020,4,7,Tuesday,14,2020-14,94.45,94.5,90.38,90.64,22563800,86.24,1.316,83.37642857,106.3004,Green,Green,5.1935,3.274789407987431
4/8/2020,2020,4,8,Wednesday,14,2020-14,92.1,94.86,90.55,94.3,22903300,89.73,4.047,84.04785714,105.563,Green,Green,5.1935,3.274789407987431
4/9/2020,2020,4,9,Thursday,14,2020-14,96.92,104.39,96.89,102.76,42055900,97.78,8.971,85.41571429,104.9904,Green,Green,5.1935,3.274789407987431
4/13/2020,2020,4,13,Monday,15,2020-15,103.11,103.11,97.3,98.19,26911900,93.43,-4.449,86.77357143,104.2996,Green,Green,-1.3898,5.860052917849805
4/14/2020,2020,4,14,Tuesday,15,2020-15,101.02,102.0,93.64,95.5,46151300,90.87,-2.74,87.31571429,103.624,Green,Green,-1.3898,5.860052917849805
4/15/2020,2020,4,15,Wednesday,15,2020-15,91.15,92.03,90.13,90.79,30118600,86.39,-4.93,87.31642857,102.8398,Green,Green,-1.3898,5.860052917849805
4/16/2020,2020,4,16,Thursday,15,2020-15,90.23,90.57,87.05,87.33,32449600,83.09,-3.82,86.65142857,101.9536,Green,Green,-1.3898,5.860052917849805
4/17/2020,2020,4,17,Friday,15,2020-15,92.0,95.7,90.96,95.18,30191900,90.56,8.99,86.99,101.1734,Green,Green,-1.3898,5.860052917849805
4/20/2020,2020,4,20,Monday,16,2020-16,92.47,94.71,90.46,91.71,23679400,87.26,-3.644,86.93357143,100.3268,Green,Green,-0.937,2.2134566858197156
4/21/2020,2020,4,21,Tuesday,16,2020-16,88.62,91.38,88.33,89.05,23035000,84.73,-2.899,86.93,99.4378,Green,Green,-0.937,2.2134566858197156
4/22/2020,2020,4,22,Wednesday,16,2020-16,90.69,91.87,89.18,89.34,16662400,85.01,0.33,87.32785714,98.5438,Green,Green,-0.937,2.2134566858197156
4/23/2020,2020,4,23,Thursday,16,2020-16,89.74,91.28,89.26,89.39,16638800,85.05,0.047,87.51642857,97.6456,Green,Green,-0.937,2.2134566858197156
4/24/2020,2020,4,24,Friday,16,2020-16,90.64,91.1,88.49,90.71,15809200,86.31,1.481,87.96928571,96.7726,Green,Green,-0.937,2.2134566858197156
4/27/2020,2020,4,27,Monday,17,2020-17,91.94,95.63,91.54,94.62,22870200,90.03,4.31,88.32,95.9764,Green,Green,0.5903999999999998,3.0011305869621867
4/28/2020,2020,4,28,Tuesday,17,2020-17,97.81,98.36,95.03,95.29,20238900,90.67,0.711,88.63642857,95.2008,Green,Green,0.5903999999999998,3.0011305869621867
4/29/2020,2020,4,29,Wednesday,17,2020-17,99.08,99.45,97.27,97.86,20462600,93.11,2.691,88.87785714,94.5084,Green,Green,0.5903999999999998,3.0011305869621867
4/30/2020,2020,4,30,Thursday,17,2020-17,95.6,96.84,94.55,95.76,19127600,91.12,-2.137,88.40214286,93.7412,Green,Green,0.5903999999999998,3.0011305869621867
5/1/2020,2020,5,1,Friday,17,2020-17,93.5,93.74,91.84,93.25,18547700,88.73,-2.623,88.06642857,92.9262,Green,Green,0.5903999999999998,3.0011305869621867
5/4/2020,2020,5,4,Monday,18,2020-18,92.02,92.67,90.8,92.14,15725900,87.67,-1.195,87.83785714,92.1218,Red,Red,-0.11099999999999999,1.4731325466501648
5/5/2020,2020,5,5,Tuesday,18,2020-18,93.65,94.21,91.9,92.0,18064100,87.54,-0.148,87.92,91.3834,Red,Red,-0.11099999999999999,1.4731325466501648
5/6/2020,2020,5,6,Wednesday,18,2020-18,92.16,92.76,89.93,90.27,20978000,85.89,-1.885,88.12,90.7232,Red,Red,-0.11099999999999999,1.4731325466501648
5/7/2020,2020,5,7,Thursday,18,2020-18,91.34,92.91,90.58,91.21,16771900,86.79,1.048,87.85071429,90.0738,Red,Red,-0.11099999999999999,1.4731325466501648
5/8/2020,2020,5,8,Friday,18,2020-18,92.8,94.08,92.11,92.7,20487800,88.2,1.625,87.91785714,89.5518,Red,Red,-0.11099999999999999,1.4731325466501648
5/11/2020,2020,5,11,Monday,19,2020-19,91.11,91.11,89.33,89.97,31907600,85.61,-2.937,87.98071429,89.0772,Red,Red,-1.4716,3.21084253740354
5/12/2020,2020,5,12,Tuesday,19,2020-19,90.15,90.79,86.9,87.03,27962900,82.81,-3.271,87.82357143,88.4446,Red,Red,-1.4716,3.21084253740354
5/13/2020,2020,5,13,Wednesday,19,2020-19,86.38,86.86,83.4,84.03,35451600,79.95,-3.454,87.45928571,87.8408,Red,Red,-1.4716,3.21084253740354
5/14/2020,2020,5,14,Thursday,19,2020-19,82.72,88.11,82.4,87.52,35152500,83.28,4.165,87.24285714,87.2492,Red,Red,-1.4716,3.21084253740354
5/15/2020,2020,5,15,Friday,19,2020-19,86.85,87.28,85.3,85.9,26099000,81.73,-1.861,86.65,86.7372,Red,Red,-1.4716,3.21084253740354
5/18/2020,2020,5,18,Monday,20,2020-20,88.69,91.15,87.88,90.45,30504400,86.06,5.298,86.32071429,86.4228,Green,Green,0.8572000000000001,3.140814337078841
5/19/2020,2020,5,19,Tuesday,20,2020-20,90.05,91.2,88.59,88.67,19597300,84.37,-1.964,85.69642857,86.3504,Green,Green,0.8572000000000001,3.140814337078841
5/20/2020,2020,5,20,Wednesday,20,2020-20,90.71,92.39,90.37,91.33,20552400,86.9,2.999,85.395,86.1918,Green,Green,0.8572000000000001,3.140814337078841
5/21/2020,2020,5,21,Thursday,20,2020-20,90.27,91.76,89.67,90.17,14621400,85.8,-1.266,85.18571429,86.1004,Green,Green,0.8572000000000001,3.140814337078841
5/22/2020,2020,5,22,Friday,20,2020-20,90.01,90.36,88.72,89.47,13557900,85.13,-0.781,85.00428571,86.1446,Green,Green,0.8572000000000001,3.140814337078841
5/26/2020,2020,5,26,Tuesday,21,2020-21,92.89,97.5,92.61,95.82,41233900,91.17,7.095,85.26357143,86.011,Green,Green,2.2115,4.934548780452643
5/27/2020,2020,5,27,Wednesday,21,2020-21,102.07,102.58,98.8,101.37,39402000,96.45,5.791,86.01785714,86.2758,Green,Green,2.2115,4.934548780452643
5/28/2020,2020,5,28,Thursday,21,2020-21,102.94,102.95,99.4,99.86,24713900,95.02,-1.483,86.60571429,86.4102,Green,Green,2.2115,4.934548780452643
5/29/2020,2020,5,29,Friday,21,2020-21,98.66,99.18,96.78,97.31,26526400,92.59,-2.557,86.91928571,86.682,Green,Green,2.2115,4.934548780452643
6/1/2020,2020,6,1,Monday,22,2020-22,97.75,99.51,97.38,98.6,15176800,93.82,1.328,87.50571429,86.9518,Green,Green,2.7286,2.1443648943218596
6/2/2020,2020,6,2,Tuesday,22,2020-22,100.28,100.42,97.93,98.93,21195000,94.13,0.33,88.31428571,87.2618,Green,Green,2.7286,2.1443648943218596
6/3/2020,2020,6,3,Wednesday,22,2020-22,101.58,104.92,101.06,104.27,25941100,99.21,5.397,89.69,87.7576,Green,Green,2.7286,2.1443648943218596
6/4/2020,2020,6,4,Thursday,22,2020-22,103.82,106.61,102.79,106.44,26784700,101.28,2.086,90.97571429,88.1176,Green,Green,2.7286,2.1443648943218596
6/5/2020,2020,6,5,Friday,22,2020-22,114.93,115.77,109.53,111.23,42231000,105.84,4.502,92.69785714,88.5068,Green,Green,2.7286,2.1443648943218596
6/8/2020,2020,6,8,Monday,23,2020-23,113.41,114.19,111.94,113.45,24881800,107.95,1.994,94.26142857,88.8178,Red,Red,-2.0460000000000003,4.558458785598484
6/9/2020,2020,6,9,Tuesday,23,2020-23,110.65,111.63,109.01,110.54,17031100,105.18,-2.566,95.74785714,89.205,Red,Red,-2.0460000000000003,4.558458785598484
6/10/2020,2020,6,10,Wednesday,23,2020-23,110.46,110.51,105.85,106.06,24913300,100.92,-4.05,96.74928571,89.4624,Red,Red,-2.0460000000000003,4.558458785598484
6/11/2020,2020,6,11,Thursday,23,2020-23,100.03,101.58,96.54,97.21,36259200,92.5,-8.343,97.22785714,89.6168,Red,Red,-2.0460000000000003,4.558458785598484
6/12/2020,2020,6,12,Friday,23,2020-23,100.71,101.13,97.33,99.87,24856800,95.03,2.735,97.935,89.9286,Red,Red,-2.0460000000000003,4.558458785598484
6/15/2020,2020,6,15,Monday,24,2020-24,96.42,101.43,95.87,101.25,22153600,96.34,1.379,98.30428571,90.2072,Green,Green,-0.4062,1.5552129114690376
6/16/2020,2020,6,16,Tuesday,24,2020-24,105.37,105.68,99.31,102.06,22193600,97.11,0.799,98.35142857,90.55,Green,Green,-0.4062,1.5552129114690376
6/17/2020,2020,6,17,Wednesday,24,2020-24,102.53,102.54,99.21,99.48,15639800,94.66,-2.523,98.32571429,90.7408,Green,Green,-0.4062,1.5552129114690376
6/18/2020,2020,6,18,Thursday,24,2020-24,98.67,100.52,98.13,98.94,16591900,94.14,-0.549,98.43642857,90.8988,Green,Green,-0.4062,1.5552129114690376
6/19/2020,2020,6,19,Friday,24,2020-24,100.53,100.6,96.73,97.81,40371200,93.07,-1.137,98.38285714,90.9656,Green,Green,-0.4062,1.5552129114690376
6/22/2020,2020,6,22,Monday,25,2020-25,97.25,97.95,96.54,96.75,16216900,92.06,-1.085,98.235,90.8512,Red,Red,-1.0404,3.5564349143489187
6/23/2020,2020,6,23,Tuesday,25,2020-25,98.97,99.97,97.85,97.93,15381400,93.18,1.217,97.80428571,90.8462,Red,Red,-1.0404,3.5564349143489187
6/24/2020,2020,6,24,Wednesday,25,2020-25,96.75,96.84,94.31,94.66,22919800,90.07,-3.338,97.00357143,90.8302,Red,Red,-1.0404,3.5564349143489187
6/25/2020,2020,6,25,Thursday,25,2020-25,94.35,98.21,94.26,97.96,25743600,93.21,3.486,96.10142857,90.9666,Red,Red,-1.0404,3.5564349143489187
6/26/2020,2020,6,26,Friday,25,2020-25,95.11,95.37,92.0,92.59,41896300,88.1,-5.482,94.68357143,91.0668,Red,Red,-1.0404,3.5564349143489187
6/29/2020,2020,6,29,Monday,26,2020-26,93.4,94.49,92.18,93.0,18499700,88.49,0.443,93.49142857,91.0254,Red,Red,0.2655,0.8254087876117303
6/30/2020,2020,6,30,Tuesday,26,2020-26,92.83,94.66,92.57,94.06,19137000,89.5,1.141,92.67571429,91.0702,Red,Red,0.2655,0.8254087876117303
7/1/2020,2020,7,1,Wednesday,26,2020-26,94.89,95.71,93.03,93.26,18755700,88.74,-0.849,92.40714286,91.1504,Red,Red,0.2655,0.8254087876117303
7/2/2020,2020,7,2,Thursday,26,2020-26,94.74,94.96,91.93,92.66,27845600,89.03,0.327,91.97857143,91.2308,Red,Red,0.2655,0.8254087876117303
7/6/2020,2020,7,6,Monday,27,2020-27,94.43,95.2,93.48,95.0,18625300,91.27,2.516,91.61642857,91.3552,Green,Green,0.8116,3.4134505709032905
7/7/2020,2020,7,7,Tuesday,27,2020-27,93.82,94.1,92.0,92.32,25757200,88.7,-2.816,91.01571429,91.403,Green,Green,0.8116,3.4134505709032905
7/8/2020,2020,7,8,Wednesday,27,2020-27,92.29,93.34,91.8,93.3,18762200,89.64,1.06,90.65714286,91.3952,Green,Green,0.8116,3.4134505709032905
7/9/2020,2020,7,9,Thursday,27,2020-27,93.52,94.12,90.78,91.28,25600800,87.7,-2.164,90.19714286,91.3358,Green,Green,0.8116,3.4134505709032905
7/10/2020,2020,7,10,Friday,27,2020-27,92.0,96.84,91.87,96.27,28954200,92.49,5.462,90.15571429,91.3234,Green,Green,0.8116,3.4134505709032905
7/13/2020,2020,7,13,Monday,28,2020-28,98.73,99.27,96.23,97.65,32079200,93.82,1.438,90.28142857,91.3774,Green,Green,0.3982,1.3701679459102816
7/14/2020,2020,7,14,Tuesday,28,2020-28,98.37,99.95,96.64,98.21,42731700,94.36,0.576,90.36571429,91.49,Green,Green,0.3982,1.3701679459102816
7/15/2020,2020,7,15,Wednesday,28,2020-28,100.89,101.29,98.65,99.73,22508400,95.82,1.547,90.77642857,91.653,Green,Green,0.3982,1.3701679459102816
7/16/2020,2020,7,16,Thursday,28,2020-28,98.78,101.22,98.55,100.01,16886900,96.09,0.282,90.98214286,91.824,Green,Green,0.3982,1.3701679459102816
7/17/2020,2020,7,17,Friday,28,2020-28,100.0,100.08,98.14,98.16,16137700,94.31,-1.852,91.42571429,91.9924,Green,Green,0.3982,1.3701679459102816
7/20/2020,2020,7,20,Monday,29,2020-29,97.43,98.39,97.26,97.3,14458100,93.48,-0.88,91.78214286,92.1262,Green,Green,0.030000000000000072,1.2852060146139996
7/21/2020,2020,7,21,Tuesday,29,2020-29,97.71,100.05,97.64,99.41,17798100,95.51,2.172,92.21142857,92.2724,Green,Green,0.030000000000000072,1.2852060146139996
7/22/2020,2020,7,22,Wednesday,29,2020-29,99.65,100.13,97.53,98.69,14271200,94.82,-0.722,92.64571429,92.4566,Green,Green,0.030000000000000072,1.2852060146139996
7/23/2020,2020,7,23,Thursday,29,2020-29,98.5,99.35,97.97,98.98,12870200,95.1,0.295,93.07928571,92.7024,Green,Green,0.030000000000000072,1.2852060146139996
7/24/2020,2020,7,24,Friday,29,2020-29,99.6,99.8,97.94,98.28,12744200,94.42,-0.715,93.30428571,92.9918,Green,Green,0.030000000000000072,1.2852060146139996
7/27/2020,2020,7,27,Monday,30,2020-30,97.51,97.63,96.17,96.9,11959100,93.1,-1.398,93.61857143,93.1882,Red,Red,-0.31980000000000003,1.9246462532112232
7/28/2020,2020,7,28,Tuesday,30,2020-30,96.5,97.89,96.5,97.32,11754300,93.5,0.43,93.89428571,93.4236,Red,Red,-0.31980000000000003,1.9246462532112232
7/29/2020,2020,7,29,Wednesday,30,2020-30,97.07,99.71,97.0,99.68,12743500,95.77,2.428,94.47071429,93.6178,Red,Red,-0.31980000000000003,1.9246462532112232
7/30/2020,2020,7,30,Thursday,30,2020-30,97.54,97.74,96.05,97.02,14834800,93.21,-2.673,94.52214286,93.7946,Red,Red,-0.31980000000000003,1.9246462532112232
7/31/2020,2020,7,31,Friday,30,2020-30,96.48,96.93,95.25,96.64,14535000,92.85,-0.386,94.45285714,93.9136,Red,Red,-0.31980000000000003,1.9246462532112232
8/3/2020,2020,8,3,Monday,31,2020-31,97.02,97.57,95.85,96.1,12962800,92.33,-0.56,94.30785714,94.0442,Green,Green,0.567,1.3122823629082272
8/4/2020,2020,8,4,Tuesday,31,2020-31,95.91,95.95,95.03,95.55,13366200,91.8,-0.574,94.02071429,94.1776,Green,Green,0.567,1.3122823629082272
8/5/2020,2020,8,5,Wednesday,31,2020-31,95.87,98.47,95.72,97.21,15260900,93.4,1.743,93.82857143,94.2222,Green,Green,0.567,1.3122823629082272
8/6/2020,2020,8,6,Thursday,31,2020-31,97.58,98.1,96.54,97.24,10482100,93.43,0.032,93.76571429,94.1618,Green,Green,0.567,1.3122823629082272
8/7/2020,2020,8,7,Friday,31,2020-31,96.93,99.49,96.56,99.38,14743700,95.48,2.194,93.90857143,94.171,Green,Green,0.567,1.3122823629082272
8/10/2020,2020,8,10,Monday,32,2020-32,100.11,102.04,100.03,100.64,14989900,96.69,1.267,93.99285714,94.253,Green,Green,0.613,1.6416752114836846
8/11/2020,2020,8,11,Tuesday,32,2020-32,103.86,106.16,103.51,103.82,31518600,99.75,3.165,94.345,94.3716,Green,Green,0.613,1.6416752114836846
8/12/2020,2020,8,12,Wednesday,32,2020-32,106.16,106.43,101.71,102.94,19240800,98.9,-0.852,94.61642857,94.467,Green,Green,0.613,1.6416752114836846
8/13/2020,2020,8,13,Thursday,32,2020-32,102.0,103.36,101.64,102.37,13598600,98.35,-0.556,94.89714286,94.4498,Green,Green,0.613,1.6416752114836846
8/14/2020,2020,8,14,Friday,32,2020-32,101.5,103.31,101.42,102.41,12134400,98.39,0.041,95.275,94.392,Green,Green,0.613,1.6416752114836846
8/17/2020,2020,8,17,Monday,33,2020-33,101.5,102.0,99.53,99.71,14988000,95.8,-2.632,95.43928571,94.1912,Red,Red,-1.0088000000000001,1.1485409004471718
8/18/2020,2020,8,18,Tuesday,33,2020-33,99.91,99.91,98.12,98.32,13246500,94.46,-1.399,95.34571429,93.9214,Red,Red,-1.0088000000000001,1.1485409004471718
8/19/2020,2020,8,19,Wednesday,33,2020-33,98.92,100.59,98.34,98.55,13533000,94.68,0.233,95.45071429,93.7114,Red,Red,-1.0088000000000001,1.1485409004471718
8/20/2020,2020,8,20,Thursday,33,2020-33,97.26,98.03,96.8,97.37,13672600,93.55,-1.193,95.50071429,93.564,Red,Red,-1.0088000000000001,1.1485409004471718
8/21/2020,2020,8,21,Friday,33,2020-33,97.27,98.57,96.94,97.32,12228300,93.5,-0.053,95.58428571,93.584,Red,Red,-1.0088000000000001,1.1485409004471718
8/24/2020,2020,8,24,Monday,34,2020-34,98.45,100.21,97.42,100.06,17898300,96.14,2.824,95.89428571,93.6062,Green,Green,1.1116,1.9373041320350297
8/25/2020,2020,8,25,Tuesday,34,2020-34,101.27,101.98,99.8,100.5,13648900,96.56,0.437,96.12,93.6106,Green,Green,1.1116,1.9373041320350297
8/26/2020,2020,8,26,Wednesday,34,2020-34,99.94,100.27,99.05,99.09,12052400,95.2,-1.408,96.24642857,93.5724,Green,Green,1.1116,1.9373041320350297
8/27/2020,2020,8,27,Thursday,34,2020-34,99.0,102.65,99.0,102.35,22163900,98.34,3.298,96.45071429,93.646,Green,Green,1.1116,1.9373041320350297
8/28/2020,2020,8,28,Friday,34,2020-34,103.14,103.25,101.81,102.77,13756700,98.74,0.407,96.59714286,93.738,Green,Green,1.1116,1.9373041320350297
8/31/2020,2020,8,31,Monday,35,2020-35,102.12,102.18,100.02,100.19,14219400,96.26,-2.512,96.34785714,93.8018,Green,Green,0.1586,1.816935964749446
9/1/2020,2020,9,1,Tuesday,35,2020-35,99.55,100.87,99.04,100.14,11595600,96.21,-0.052,96.15571429,93.8848,Green,Green,0.1586,1.816935964749446
9/2/2020,2020,9,2,Wednesday,35,2020-35,99.95,101.94,99.56,101.65,14475700,97.66,1.507,96.10642857,93.9744,Green,Green,0.1586,1.816935964749446
9/3/2020,2020,9,3,Thursday,35,2020-35,103.32,104.99,100.64,101.33,23281200,97.36,-0.307,96.03285714,94.1202,Green,Green,0.1586,1.816935964749446
9/4/2020,2020,9,4,Friday,35,2020-35,104.05,105.21,101.37,103.52,26325500,99.46,2.157,96.29428571,94.2452,Green,Green,0.1586,1.816935964749446
9/8/2020,2020,9,8,Tuesday,36,2020-36,102.98,103.57,99.48,99.92,22108600,96.0,-3.479,96.40428571,94.4032,Red,Red,-0.5780000000000001,2.1829516714760313
9/9/2020,2020,9,9,Wednesday,36,2020-36,100.8,101.69,99.56,100.87,13434000,96.91,0.948,96.56357143,94.5716,Red,Red,-0.5780000000000001,2.1829516714760313
9/10/2020,2020,9,10,Thursday,36,2020-36,101.4,102.42,99.64,99.83,15922800,95.91,-1.032,96.73214286,94.6998,Red,Red,-0.5780000000000001,2.1829516714760313
9/11/2020,2020,9,11,Friday,36,2020-36,99.97,101.36,99.59,101.07,13784300,97.11,1.251,96.99,94.8672,Red,Red,-0.5780000000000001,2.1829516714760313
9/14/2020,2020,9,14,Monday,37,2020-37,101.51,103.46,101.37,102.47,19017400,98.45,1.38,97.155,95.0556,Red,Red,-0.5336000000000001,1.7086840843175193
9/15/2020,2020,9,15,Tuesday,37,2020-37,102.73,102.85,99.14,99.28,23683000,95.39,-3.108,97.07142857,95.138,Red,Red,-0.5336000000000001,1.7086840843175193
9/16/2020,2020,9,16,Wednesday,37,2020-37,99.43,101.13,98.76,99.7,19270600,95.79,0.419,97.11357143,95.2798,Red,Red,-0.5336000000000001,1.7086840843175193
9/17/2020,2020,9,17,Thursday,37,2020-37,98.7,99.34,97.71,98.56,18290100,94.69,-1.148,96.85285714,95.3808,Red,Red,-0.5336000000000001,1.7086840843175193
9/18/2020,2020,9,18,Friday,37,2020-37,97.89,99.49,97.44,98.35,20121600,94.49,-0.211,96.54928571,95.5166,Red,Red,-0.5336000000000001,1.7086840843175193
9/21/2020,2020,9,21,Monday,38,2020-38,95.2,96.05,93.82,95.31,28378800,91.57,-3.09,96.21428571,95.4982,Red,Red,-1.0038,1.5075714576762194
9/22/2020,2020,9,22,Tuesday,38,2020-38,94.96,95.66,93.67,94.27,19257000,90.57,-1.092,95.81142857,95.4332,Red,Red,-1.0038,1.5075714576762194
9/23/2020,2020,9,23,Wednesday,38,2020-38,94.78,95.35,92.66,92.74,19952700,89.1,-1.623,95.2,95.328,Red,Red,-1.0038,1.5075714576762194
9/24/2020,2020,9,24,Thursday,38,2020-38,92.32,94.3,91.38,92.66,18366500,89.03,-0.079,94.605,95.1922,Red,Red,-1.0038,1.5075714576762194
9/25/2020,2020,9,25,Friday,38,2020-38,92.05,93.72,91.87,93.47,13293100,89.8,0.865,93.915,95.0664,Red,Red,-1.0038,1.5075714576762194
9/28/2020,2020,9,28,Monday,39,2020-39,95.06,96.93,94.35,96.16,20894100,92.39,2.884,93.65714286,95.028,Green,Green,0.9362,1.3232734789150729
9/29/2020,2020,9,29,Tuesday,39,2020-39,96.03,96.03,94.33,95.35,12848200,91.61,-0.844,93.27857143,94.9906,Green,Green,0.9362,1.3232734789150729
9/30/2020,2020,9,30,Wednesday,39,2020-39,95.35,97.2,95.26,96.27,16400600,92.49,0.961,93.03428571,94.9302,Green,Green,0.9362,1.3232734789150729
10/1/2020,2020,10,1,Thursday,39,2020-39,97.12,97.77,96.03,96.97,15778700,93.17,0.735,92.75285714,94.8972,Green,Green,0.9362,1.3232734789150729
10/2/2020,2020,10,2,Friday,39,2020-39,95.25,98.59,95.09,97.89,15149600,94.05,0.945,92.43857143,94.8762,Green,Green,0.9362,1.3232734789150729
10/5/2020,2020,10,5,Monday,40,2020-40,98.32,99.25,97.53,99.04,13871900,96.04,2.116,92.485,94.9086,Green,Green,0.8622,1.5363460547676098
10/6/2020,2020,10,6,Tuesday,40,2020-40,100.07,100.86,97.51,98.02,19220400,95.05,-1.031,92.43214286,94.9476,Green,Green,0.8622,1.5363460547676098
10/7/2020,2020,10,7,Wednesday,40,2020-40,98.96,100.35,98.67,99.73,16358500,96.71,1.746,92.57642857,95.0118,Green,Green,0.8622,1.5363460547676098
10/8/2020,2020,10,8,Thursday,40,2020-40,100.51,101.92,99.9,101.78,15659000,98.7,2.058,92.87714286,95.0704,Green,Green,0.8622,1.5363460547676098
10/9/2020,2020,10,9,Friday,40,2020-40,102.0,102.11,100.11,101.2,13689100,98.13,-0.578,93.34571429,95.1688,Green,Green,0.8622,1.5363460547676098
10/12/2020,2020,10,12,Monday,41,2020-41,101.1,103.0,100.85,102.44,16058000,99.34,1.233,93.97214286,95.2986,Green,Green,0.06760000000000004,1.2984050985728606
10/13/2020,2020,10,13,Tuesday,41,2020-41,103.0,103.22,100.26,100.78,21697300,97.73,-1.621,94.58857143,95.4066,Green,Green,0.06760000000000004,1.2984050985728606
10/14/2020,2020,10,14,Wednesday,41,2020-41,101.03,101.93,100.1,100.22,15204100,97.18,-0.563,95.17071429,95.5142,Green,Green,0.06760000000000004,1.2984050985728606
10/15/2020,2020,10,15,Thursday,41,2020-41,99.1,101.78,99.04,101.72,17171200,98.64,1.502,95.80214286,95.619,Green,Green,0.06760000000000004,1.2984050985728606
10/16/2020,2020,10,16,Friday,41,2020-41,101.41,102.33,100.72,101.51,13275000,98.43,-0.213,96.23357143,95.719,Green,Green,0.06760000000000004,1.2984050985728606
10/19/2020,2020,10,19,Monday,42,2020-42,101.6,101.87,99.56,99.8,11725700,96.78,-1.676,96.60285714,95.745,Green,Green,0.465,2.01896458611834
10/20/2020,2020,10,20,Tuesday,42,2020-42,100.31,101.77,100.12,100.37,11257100,97.33,0.568,96.94857143,95.7578,Green,Green,0.465,2.01896458611834
10/21/2020,2020,10,21,Wednesday,42,2020-42,100.36,100.99,99.33,99.37,10730500,96.36,-0.997,97.17642857,95.69,Green,Green,0.465,2.01896458611834
10/22/2020,2020,10,22,Thursday,42,2020-42,99.32,103.24,99.31,102.88,14837200,99.76,3.528,97.58428571,95.7072,Green,Green,0.465,2.01896458611834
10/23/2020,2020,10,23,Friday,42,2020-42,103.5,104.45,102.93,103.81,15087600,100.66,0.902,97.91428571,95.7534,Green,Green,0.465,2.01896458611834
10/26/2020,2020,10,26,Monday,43,2020-43,102.65,102.7,100.25,101.24,12410700,98.17,-2.474,98.13714286,95.749,Red,Red,-1.1236000000000002,1.768830913343613
10/27/2020,2020,10,27,Tuesday,43,2020-43,100.51,100.92,99.16,99.33,10391700,96.32,-1.884,98.10928571,95.7594,Red,Red,-1.1236000000000002,1.768830913343613
10/28/2020,2020,10,28,Wednesday,43,2020-43,97.5,98.3,96.07,96.54,16389500,93.61,-2.814,97.74571429,95.7424,Red,Red,-1.1236000000000002,1.768830913343613
10/29/2020,2020,10,29,Thursday,43,2020-43,96.12,97.98,95.24,97.17,14208800,94.22,0.652,97.46642857,95.7332,Red,Red,-1.1236000000000002,1.768830913343613
10/30/2020,2020,10,30,Friday,43,2020-43,97.91,98.42,96.23,98.04,15194500,95.07,0.902,97.16142857,95.7636,Red,Red,-1.1236000000000002,1.768830913343613
11/2/2020,2020,11,2,Monday,44,2020-44,99.39,100.88,97.86,100.25,15011600,97.21,2.251,97.12428571,95.8378,Green,Green,1.0216,3.071308564765188
11/3/2020,2020,11,3,Tuesday,44,2020-44,103.02,104.74,102.69,103.41,17482600,100.28,3.158,97.34571429,95.9206,Green,Green,1.0216,3.071308564765188
11/4/2020,2020,11,4,Wednesday,44,2020-44,101.0,102.07,98.93,100.25,18886500,97.21,-3.061,97.24357143,95.9336,Green,Green,1.0216,3.071308564765188
11/5/2020,2020,11,5,Thursday,44,2020-44,101.06,105.1,101.0,104.35,17837400,101.19,4.094,97.44071429,96.0534,Green,Green,1.0216,3.071308564765188
11/6/2020,2020,11,6,Friday,44,2020-44,105.03,105.1,102.39,102.96,12552800,99.84,-1.334,97.65928571,96.0834,Green,Green,1.0216,3.071308564765188
11/9/2020,2020,11,9,Monday,45,2020-45,113.16,118.9,110.35,116.9,47792400,113.36,13.542,98.80428571,96.3758,Green,Green,2.2234,6.382050281845169
11/10/2020,2020,11,10,Tuesday,45,2020-45,117.35,117.45,114.69,116.52,20539300,112.99,-0.326,99.99214286,96.7104,Green,Green,2.2234,6.382050281845169
11/11/2020,2020,11,11,Wednesday,45,2020-45,116.89,116.96,113.96,114.78,14443400,111.3,-1.496,100.8164286,97.0122,Green,Green,2.2234,6.382050281845169
11/12/2020,2020,11,12,Thursday,45,2020-45,112.53,113.96,112.06,113.37,22063000,109.93,-1.231,101.4785714,97.2576,Green,Green,2.2234,6.382050281845169
11/13/2020,2020,11,13,Friday,45,2020-45,114.7,114.86,113.57,114.08,11847900,110.62,0.628,102.3678571,97.5228,Green,Green,2.2234,6.382050281845169
11/16/2020,2020,11,16,Monday,46,2020-46,117.79,118.61,115.73,117.3,19858600,113.74,2.82,103.6121429,97.8084,Green,Green,0.09659999999999999,1.60291181915912
11/17/2020,2020,11,17,Tuesday,46,2020-46,115.39,116.44,114.58,116.11,14553200,112.59,-1.011,104.9678571,98.1402,Green,Green,0.09659999999999999,1.60291181915912
11/18/2020,2020,11,18,Wednesday,46,2020-46,117.34,118.61,115.2,115.25,12571200,111.76,-0.737,106.2207143,98.4372,Green,Green,0.09659999999999999,1.60291181915912
11/19/2020,2020,11,19,Thursday,46,2020-46,114.18,115.82,113.56,115.56,10202500,112.06,0.268,107.4342857,98.7602,Green,Green,0.09659999999999999,1.60291181915912
11/20/2020,2020,11,20,Friday,46,2020-46,114.43,115.65,114.09,114.57,12718900,111.1,-0.857,108.4264286,99.04,Green,Green,0.09659999999999999,1.60291181915912
11/23/2020,2020,11,23,Monday,47,2020-47,116.05,118.17,115.57,117.87,13209200,114.3,2.88,109.4278571,99.357,Green,Green,1.44875,2.754412263381549
11/24/2020,2020,11,24,Tuesday,47,2020-47,120.07,123.5,119.71,123.32,20121600,119.58,4.619,111.0257143,99.8408,Green,Green,1.44875,2.754412263381549
11/25/2020,2020,11,25,Wednesday,47,2020-47,121.37,122.38,120.47,122.03,11715600,118.33,-1.045,112.25,100.2916,Green,Green,1.44875,2.754412263381549
11/27/2020,2020,11,27,Friday,47,2020-47,122.0,122.35,121.08,121.22,5983600,117.55,-0.659,113.515,100.7488,Green,Green,1.44875,2.754412263381549
11/30/2020,2020,11,30,Monday,48,2020-48,120.0,120.72,117.77,117.88,14411800,114.31,-2.756,113.5828571,101.1452,Green,Green,0.19820000000000004,1.9240186329659075
12/1/2020,2020,12,1,Tuesday,48,2020-48,120.34,121.58,119.63,119.74,12668900,116.11,1.575,113.8057143,101.636,Green,Green,0.19820000000000004,1.9240186329659075
12/2/2020,2020,12,2,Wednesday,48,2020-48,119.7,122.31,119.27,122.04,10811300,118.34,1.921,114.3085714,102.1914,Green,Green,0.19820000000000004,1.9240186329659075
12/3/2020,2020,12,3,Thursday,48,2020-48,121.85,121.89,120.36,121.24,12904400,117.57,-0.651,114.8542857,102.7608,Green,Green,0.19820000000000004,1.9240186329659075
12/4/2020,2020,12,4,Friday,48,2020-48,122.48,123.29,121.69,122.34,13583700,118.63,0.902,115.4264286,103.3528,Green,Green,0.19820000000000004,1.9240186329659075
12/7/2020,2020,12,7,Monday,49,2020-49,121.15,122.17,120.21,121.88,9724300,118.19,-0.371,115.7442857,103.9206,Red,Red,-0.4572,0.3409225718546662
12/8/2020,2020,12,8,Tuesday,49,2020-49,121.04,122.33,120.76,122.0,9592100,118.3,0.093,116.1521429,104.4388,Red,Red,-0.4572,0.3409225718546662
12/9/2020,2020,12,9,Wednesday,49,2020-49,123.17,123.3,120.44,121.05,13073900,117.38,-0.778,116.5535714,104.9542,Red,Red,-0.4572,0.3409225718546662
12/10/2020,2020,12,10,Thursday,49,2020-49,119.99,120.78,119.56,120.27,13668400,116.62,-0.647,116.8792857,105.4368,Red,Red,-0.4572,0.3409225718546662
12/11/2020,2020,12,11,Friday,49,2020-49,118.94,120.02,118.37,119.56,9981600,115.94,-0.583,117.225,105.8922,Red,Red,-0.4572,0.3409225718546662
12/14/2020,2020,12,14,Monday,50,2020-50,121.34,121.42,118.11,118.3,12112400,114.71,-1.061,117.2542857,106.3054,Red,Red,-0.07619999999999998,1.1214246296564025
12/15/2020,2020,12,15,Tuesday,50,2020-50,119.29,120.9,118.62,120.32,12590200,116.67,1.709,117.0464286,106.718,Red,Red,-0.07619999999999998,1.1214246296564025
12/16/2020,2020,12,16,Wednesday,50,2020-50,120.3,121.08,119.86,120.67,11169400,117.01,0.291,116.9521429,107.1572,Red,Red,-0.07619999999999998,1.1214246296564025
12/17/2020,2020,12,17,Thursday,50,2020-50,121.26,121.45,119.58,119.67,11618000,116.04,-0.829,116.8442857,107.5438,Red,Red,-0.07619999999999998,1.1214246296564025
12/18/2020,2020,12,18,Friday,50,2020-50,119.14,119.88,118.27,119.08,28954800,115.47,-0.491,116.9271429,107.8792,Red,Red,-0.07619999999999998,1.1214246296564025
12/21/2020,2020,12,21,Monday,51,2020-51,123.17,125.0,121.09,123.55,28323600,119.81,3.759,117.1914286,108.3128,Green,Green,1.148,2.530110142530031
12/22/2020,2020,12,22,Tuesday,51,2020-51,123.39,123.52,121.61,121.67,11788200,117.98,-1.527,117.1657143,108.6856,Green,Green,1.148,2.530110142530031
12/23/2020,2020,12,23,Wednesday,51,2020-51,122.78,126.52,122.35,125.07,14973200,121.28,2.797,117.4307143,109.1566,Green,Green,1.148,2.530110142530031
12/24/2020,2020,12,24,Thursday,51,2020-51,125.09,125.55,123.57,124.52,4164900,120.75,-0.437,117.5821429,109.628,Green,Green,1.148,2.530110142530031
12/28/2020,2020,12,28,Monday,52,2020-52,125.82,126.65,124.79,125.34,8072600,121.54,0.654,117.8214286,110.086,Green,Green,0.50925,0.6840805873579516
12/29/2020,2020,12,29,Tuesday,52,2020-52,126.2,126.28,124.89,125.01,8389200,121.22,-0.263,118.03,110.5418,Green,Green,0.50925,0.6840805873579516
12/30/2020,2020,12,30,Wednesday,52,2020-52,125.49,125.85,124.9,125.36,7398000,121.56,0.28,118.3285714,111.0374,Green,Green,0.50925,0.6840805873579516
12/31/2020,2020,12,31,Thursday,52,2020-52,125.09,127.33,124.82,127.07,8580200,123.22,1.366,118.8,111.5552,Green,Green,0.50925,0.6840805873579516
1/4/2021,2021,1,4,Monday,1,2021-01,127.5,127.86,124.78,125.87,16819900,122.05,-0.95,119.2364286,112.069,Green,Green,1.5382000000000002,2.3564398358540792
1/5/2021,2021,1,5,Tuesday,1,2021-01,124.99,126.3,123.77,125.65,13731200,122.72,0.549,119.8085714,112.5282,Green,Green,1.5382000000000002,2.3564398358540792
1/6/2021,2021,1,6,Wednesday,1,2021-01,129.88,132.77,127.88,131.55,24909100,128.48,4.694,120.6521429,113.0846,Green,Green,1.5382000000000002,2.3564398358540792
1/7/2021,2021,1,7,Thursday,1,2021-01,135.69,138.19,134.92,135.87,21940400,132.7,3.285,121.7728571,113.7752,Green,Green,1.5382000000000002,2.3564398358540792
1/8/2021,2021,1,8,Friday,1,2021-01,135.97,136.35,134.12,136.02,12035100,132.85,0.113,122.9735714,114.5058,Green,Green,1.5382000000000002,2.3564398358540792
1/11/2021,2021,1,11,Monday,2,2021-02,134.58,138.2,134.11,138.05,15937900,134.83,1.49,124.3564286,115.3302,Green,Green,0.39,1.368260391884527
1/12/2021,2021,1,12,Tuesday,2,2021-02,139.44,141.66,138.83,140.22,18033500,136.95,1.572,125.5807143,116.1848,Green,Green,0.39,1.368260391884527
1/13/2021,2021,1,13,Wednesday,2,2021-02,138.59,140.79,138.1,140.35,14816800,137.08,0.095,126.945,117.025,Green,Green,0.39,1.368260391884527
1/14/2021,2021,1,14,Thursday,2,2021-02,140.49,142.75,140.0,141.17,18565600,137.88,0.584,128.1307143,117.8384,Green,Green,0.39,1.368260391884527
1/15/2021,2021,1,15,Friday,2,2021-02,137.43,141.65,137.01,138.64,27881000,135.41,-1.791,129.1778571,118.541,Green,Green,0.39,1.368260391884527
1/19/2021,2021,1,19,Tuesday,3,2021-03,139.86,140.7,137.82,138.04,19843800,134.82,-0.436,130.1264286,119.2932,Red,Red,-0.886,0.44461743855438984
1/20/2021,2021,1,20,Wednesday,3,2021-03,137.82,138.17,135.44,135.97,16028800,132.8,-1.498,130.9535714,119.9254,Red,Red,-0.886,0.44461743855438984
1/21/2021,2021,1,21,Thursday,3,2021-03,135.69,136.16,134.32,134.83,13411700,131.68,-0.843,131.6764286,120.5622,Red,Red,-0.886,0.44461743855438984
1/22/2021,2021,1,22,Friday,3,2021-03,132.69,134.4,132.2,133.79,12933200,130.67,-0.767,132.2085714,120.9084,Red,Red,-0.886,0.44461743855438984
1/25/2021,2021,1,25,Monday,4,2021-04,132.14,133.17,130.06,132.12,14212800,129.04,-1.247,132.7078571,121.2294,Red,Red,-0.7662000000000001,1.6662822990117852
1/26/2021,2021,1,26,Tuesday,4,2021-04,132.75,133.17,131.34,131.58,11307800,128.51,-0.411,133.1214286,121.5736,Red,Red,-0.7662000000000001,1.6662822990117852
1/27/2021,2021,1,27,Wednesday,4,2021-04,129.59,129.85,127.35,127.86,17603900,124.88,-2.825,132.8642857,121.8726,Red,Red,-0.7662000000000001,1.6662822990117852
1/28/2021,2021,1,28,Thursday,4,2021-04,129.9,132.17,128.99,130.11,13761800,127.08,1.762,132.4628571,122.2018,Red,Red,-0.7662000000000001,1.6662822990117852
1/29/2021,2021,1,29,Friday,4,2021-04,131.19,131.72,128.19,128.67,14808100,125.67,-1.11,131.95,122.4404,Red,Red,-0.7662000000000001,1.6662822990117852
2/1/2021,2021,2,1,Monday,5,2021-05,129.4,130.07,128.48,129.62,11080700,126.6,0.74,131.3621429,122.7206,Red,Red,1.4132,1.2914688149545075
2/2/2021,2021,2,2,Tuesday,5,2021-05,131.94,134.39,131.22,133.61,12253600,130.49,3.073,130.9007143,123.0952,Red,Red,1.4132,1.2914688149545075
2/3/2021,2021,2,3,Wednesday,5,2021-05,133.65,135.76,133.51,135.14,10600800,131.99,1.15,130.5371429,123.4938,Red,Red,1.4132,1.2914688149545075
2/4/2021,2021,2,4,Thursday,5,2021-05,135.47,138.66,135.47,138.25,12419500,135.03,2.303,130.3335714,123.9724,Red,Red,1.4132,1.2914688149545075
2/5/2021,2021,2,5,Friday,5,2021-05,139.39,139.49,137.38,137.98,10051300,134.76,-0.2,130.2871429,124.3816,Red,Red,1.4132,1.2914688149545075
2/8/2021,2021,2,8,Monday,6,2021-06,138.2,140.3,138.18,140.14,10136400,136.87,1.566,130.4335714,124.7274,Green,Green,0.47400000000000003,0.9493916473194822
2/9/2021,2021,2,9,Tuesday,6,2021-06,139.43,139.98,138.54,139.58,8614800,136.32,-0.402,130.685,125.0872,Green,Green,0.47400000000000003,0.9493916473194822
2/10/2021,2021,2,10,Wednesday,6,2021-06,140.0,140.87,139.04,139.66,10323200,136.4,0.059,131.0221429,125.4642,Green,Green,0.47400000000000003,0.9493916473194822
2/11/2021,2021,2,11,Thursday,6,2021-06,139.66,140.55,138.22,139.27,9201000,136.02,-0.279,131.4042857,125.8984,Green,Green,0.47400000000000003,0.9493916473194822
2/12/2021,2021,2,12,Friday,6,2021-06,139.05,141.61,139.0,141.25,8324600,137.96,1.426,132.0414286,126.3354,Green,Green,0.47400000000000003,0.9493916473194822
2/16/2021,2021,2,16,Tuesday,7,2021-07,143.55,145.32,142.4,144.65,12130600,141.28,2.406,132.9535714,126.7942,Green,Green,1.18075,1.0362391535419482
2/17/2021,2021,2,17,Wednesday,7,2021-07,143.95,145.38,143.12,145.1,10810100,141.72,0.311,134.1564286,127.2772,Green,Green,1.18075,1.0362391535419482
2/18/2021,2021,2,18,Thursday,7,2021-07,144.0,145.79,143.4,145.59,10587800,142.19,0.332,135.2357143,127.7484,Green,Green,1.18075,1.0362391535419482
2/19/2021,2021,2,19,Friday,7,2021-07,145.86,148.84,145.86,148.02,11969800,144.57,1.674,136.5857143,128.276,Green,Green,1.18075,1.0362391535419482
2/22/2021,2021,2,22,Monday,8,2021-08,146.87,150.19,146.79,149.41,11488400,145.92,0.934,137.9657143,128.8284,Red,Red,-0.10140000000000002,1.8334544717554346
2/23/2021,2021,2,23,Tuesday,8,2021-08,151.51,152.31,149.59,150.61,16234400,147.1,0.809,139.1521429,129.4228,Red,Red,-0.10140000000000002,1.8334544717554346
2/24/2021,2021,2,24,Wednesday,8,2021-08,150.11,153.76,150.11,153.26,15061400,149.69,1.761,140.4164286,130.0842,Red,Red,-0.10140000000000002,1.8334544717554346
2/25/2021,2021,2,25,Thursday,8,2021-08,154.27,154.9,150.59,151.18,18127700,147.65,-1.363,141.3178571,130.7184,Red,Red,-0.10140000000000002,1.8334544717554346
2/26/2021,2021,2,26,Friday,8,2021-08,150.3,150.87,146.51,147.17,19829200,143.74,-2.648,141.9592857,131.299,Red,Red,-0.10140000000000002,1.8334544717554346
3/1/2021,2021,3,1,Monday,9,2021-09,149.52,151.38,148.48,150.5,14845500,146.99,2.261,142.6821429,131.9054,Green,Green,0.5128,1.5843220000997271
3/2/2021,2021,3,2,Tuesday,9,2021-09,150.08,151.78,149.84,150.01,14221700,146.51,-0.327,143.41,132.4954,Green,Green,0.5128,1.5843220000997271
3/3/2021,2021,3,3,Wednesday,9,2021-09,151.23,154.98,150.82,152.91,14324100,149.34,1.932,144.3342857,133.1614,Green,Green,0.5128,1.5843220000997271
3/4/2021,2021,3,4,Thursday,9,2021-09,152.61,154.38,148.62,150.56,20093900,147.05,-1.533,145.1221429,133.793,Green,Green,0.5128,1.5843220000997271
3/5/2021,2021,3,5,Friday,9,2021-09,153.22,153.49,147.97,150.91,18465100,147.39,0.231,145.7957143,134.3446,Green,Green,0.5128,1.5843220000997271
3/8/2021,2021,3,8,Monday,10,2021-10,152.47,155.46,150.75,152.91,17133300,149.34,1.323,146.3714286,134.9718,Green,Green,0.6916,1.2499011160887887
3/9/2021,2021,3,9,Tuesday,10,2021-10,151.5,154.25,149.82,151.83,16238800,148.29,-0.703,146.8407143,135.512,Green,Green,0.6916,1.2499011160887887
3/10/2021,2021,3,10,Wednesday,10,2021-10,151.91,156.16,151.51,155.13,14342200,151.51,2.171,147.5064286,136.1272,Green,Green,0.6916,1.2499011160887887
3/11/2021,2021,3,11,Thursday,10,2021-10,154.11,156.15,153.36,154.32,11771500,150.72,-0.521,147.9457143,136.7108,Green,Green,0.6916,1.2499011160887887
3/12/2021,2021,3,12,Friday,10,2021-10,156.86,157.63,155.07,156.15,12849500,152.51,1.188,148.4164286,137.3366,Green,Green,0.6916,1.2499011160887887
3/15/2021,2021,3,15,Monday,11,2021-11,156.35,156.92,153.96,155.37,12101100,151.75,-0.498,148.7485714,137.9404,Red,Red,-0.12220000000000004,1.4070759396706347
3/16/2021,2021,3,16,Tuesday,11,2021-11,154.09,154.6,152.19,153.51,12805600,149.93,-1.199,148.7657143,138.4746,Red,Red,-0.12220000000000004,1.4070759396706347
3/17/2021,2021,3,17,Wednesday,11,2021-11,155.34,156.88,153.05,155.09,13952400,151.47,1.027,149.0385714,139.063,Red,Red,-0.12220000000000004,1.4070759396706347
3/18/2021,2021,3,18,Thursday,11,2021-11,157.6,161.69,157.11,157.65,21898500,153.97,1.65,149.7692857,139.688,Red,Red,-0.12220000000000004,1.4070759396706347
3/19/2021,2021,3,19,Friday,11,2021-11,155.51,155.94,151.19,155.14,54418800,151.52,-1.591,150.0928571,140.1488,Red,Red,-0.12220000000000004,1.4070759396706347
3/22/2021,2021,3,22,Monday,12,2021-12,152.8,153.97,150.61,150.97,19944800,147.45,-2.686,150.16,140.4438,Red,Red,0.006800000000000051,1.8191928704785538
3/23/2021,2021,3,23,Tuesday,12,2021-12,150.33,152.12,148.96,149.46,17076300,145.97,-1.004,149.9192857,140.7062,Red,Red,0.006800000000000051,1.8191928704785538
3/24/2021,2021,3,24,Wednesday,12,2021-12,150.0,153.18,149.86,150.62,13079800,147.11,0.781,149.9235714,140.9518,Red,Red,0.006800000000000051,1.8191928704785538
3/25/2021,2021,3,25,Thursday,12,2021-12,150.0,152.97,149.33,152.55,15608300,148.99,1.278,150.0378571,141.1926,Red,Red,0.006800000000000051,1.8191928704785538
3/26/2021,2021,3,26,Friday,12,2021-12,154.3,155.45,152.55,155.09,16754400,151.47,1.665,150.19,141.4804,Red,Red,0.006800000000000051,1.8191928704785538
3/29/2021,2021,3,29,Monday,13,2021-13,152.12,153.73,151.04,152.68,17570300,149.12,-1.551,150.2492857,141.7052,Red,Red,-0.215,1.4919591147213116
3/30/2021,2021,3,30,Tuesday,13,2021-13,154.46,155.87,153.88,154.48,13184300,150.88,1.18,150.2042857,142.0146,Red,Red,-0.215,1.4919591147213116
3/31/2021,2021,3,31,Wednesday,13,2021-13,153.28,154.49,152.12,152.23,16736700,148.68,-1.458,150.0585714,142.2918,Red,Red,-0.215,1.4919591147213116
4/1/2021,2021,4,1,Thursday,13,2021-13,151.9,153.79,151.55,153.71,16561500,150.12,0.969,149.8878571,142.6382,Red,Red,-0.215,1.4919591147213116
4/5/2021,2021,4,5,Monday,14,2021-14,154.4,154.94,152.6,153.62,13508000,150.92,0.533,149.8285714,143.023,Green,Green,0.453,0.8341013127911979
4/6/2021,2021,4,6,Tuesday,14,2021-14,152.79,154.28,151.86,152.54,13071600,149.86,-0.702,149.8235714,143.4068,Green,Green,0.453,0.8341013127911979
4/7/2021,2021,4,7,Wednesday,14,2021-14,153.1,155.23,152.65,154.93,16903500,152.21,1.568,149.8764286,143.8702,Green,Green,0.453,0.8341013127911979
4/8/2021,2021,4,8,Thursday,14,2021-14,154.0,155.51,152.31,155.12,12335500,152.39,0.118,149.7635714,144.3478,Green,Green,0.453,0.8341013127911979
4/9/2021,2021,4,9,Friday,14,2021-14,155.81,157.04,154.97,156.28,12122400,153.53,0.748,149.9071429,144.9208,Green,Green,0.453,0.8341013127911979
4/12/2021,2021,4,12,Monday,15,2021-15,155.58,157.25,155.57,155.95,12273400,153.21,-0.208,150.3185714,145.4434,Red,Red,-0.37779999999999997,1.141113578921923
4/13/2021,2021,4,13,Tuesday,15,2021-15,154.75,155.2,152.43,154.09,16113600,151.38,-1.194,150.705,145.9576,Red,Red,-0.37779999999999997,1.141113578921923
4/14/2021,2021,4,14,Wednesday,15,2021-15,151.47,153.83,150.93,151.21,19939600,148.55,-1.869,150.8078571,146.3966,Red,Red,-0.37779999999999997,1.141113578921923
4/15/2021,2021,4,15,Thursday,15,2021-15,151.25,152.2,149.32,152.17,17694100,149.5,0.64,150.8442857,146.7768,Red,Red,-0.37779999999999997,1.141113578921923
4/16/2021,2021,4,16,Friday,15,2021-15,153.87,154.51,152.69,153.3,13773400,150.61,0.742,150.7828571,147.1492,Red,Red,-0.37779999999999997,1.141113578921923
4/19/2021,2021,4,19,Monday,16,2021-16,153.42,153.88,152.22,152.65,11900200,149.97,-0.425,150.8435714,147.448,Red,Red,-0.39659999999999995,1.8092717595762116
4/20/2021,2021,4,20,Tuesday,16,2021-16,151.74,151.75,148.65,149.27,13716700,146.65,-2.214,150.5414286,147.6858,Red,Red,-0.39659999999999995,1.8092717595762116
4/21/2021,2021,4,21,Wednesday,16,2021-16,147.79,150.61,146.79,150.54,12236700,147.89,0.846,150.485,147.9062,Red,Red,-0.39659999999999995,1.8092717595762116
4/22/2021,2021,4,22,Thursday,16,2021-16,150.23,150.3,147.26,147.37,15256100,144.78,-2.103,150.1035714,148.0754,Red,Red,-0.39659999999999995,1.8092717595762116
4/23/2021,2021,4,23,Friday,16,2021-16,147.18,151.13,146.69,150.19,14041900,147.55,1.913,149.8628571,148.2984,Red,Red,-0.39659999999999995,1.8092717595762116
4/26/2021,2021,4,26,Monday,17,2021-17,150.78,152.46,150.38,150.56,10799100,147.91,0.244,149.7235714,148.5362,Red,Red,0.4822,1.0119299382862432
4/27/2021,2021,4,27,Tuesday,17,2021-17,150.5,151.57,150.11,151.25,12821200,148.59,0.46,149.465,148.7488,Red,Red,0.4822,1.0119299382862432
4/28/2021,2021,4,28,Wednesday,17,2021-17,152.43,152.89,151.4,152.23,8943700,149.55,0.646,149.2621429,148.9142,Red,Red,0.4822,1.0119299382862432
4/29/2021,2021,4,29,Thursday,17,2021-17,153.54,155.28,153.2,155.19,12976900,152.46,1.946,149.1857143,149.129,Red,Red,0.4822,1.0119299382862432
4/30/2021,2021,4,30,Friday,17,2021-17,154.1,154.49,153.01,153.81,11705100,151.11,-0.885,149.0357143,149.3074,Red,Red,0.4822,1.0119299382862432
5/3/2021,2021,5,3,Monday,18,2021-18,154.85,155.48,153.13,153.36,11801100,150.66,-0.298,148.9842857,149.4292,Green,Green,0.9511999999999998,0.9196965260345393
5/4/2021,2021,5,4,Tuesday,18,2021-18,152.87,155.64,152.14,155.48,12977700,152.75,1.387,149.2842857,149.5658,Green,Green,0.9511999999999998,0.9196965260345393
5/5/2021,2021,5,5,Wednesday,18,2021-18,156.0,158.28,154.63,157.52,10506700,154.75,1.309,149.6592857,149.7188,Green,Green,0.9511999999999998,0.9196965260345393
5/6/2021,2021,5,6,Thursday,18,2021-18,158.07,160.82,157.16,160.69,13542400,157.87,2.016,150.1778571,149.8824,Green,Green,0.9511999999999998,0.9196965260345393
5/7/2021,2021,5,7,Friday,18,2021-18,157.22,161.5,157.02,161.24,14257800,158.41,0.342,150.7807143,150.0976,Green,Green,0.9511999999999998,0.9196965260345393
5/10/2021,2021,5,10,Monday,19,2021-19,161.5,163.73,161.12,161.22,14014300,158.39,-0.013,151.6192857,150.3906,Green,Green,0.35259999999999997,1.7083596810976311
5/11/2021,2021,5,11,Tuesday,19,2021-19,161.08,162.39,158.04,158.54,15451700,155.75,-1.667,152.1807143,150.5658,Green,Green,0.35259999999999997,1.7083596810976311
5/12/2021,2021,5,12,Wednesday,19,2021-19,159.61,160.78,157.03,157.45,14381700,154.68,-0.687,152.8878571,150.7292,Green,Green,0.35259999999999997,1.7083596810976311
5/13/2021,2021,5,13,Thursday,19,2021-19,158.18,162.45,157.68,161.5,15395000,158.66,2.573,153.6814286,150.9156,Green,Green,0.35259999999999997,1.7083596810976311
5/14/2021,2021,5,14,Friday,19,2021-19,162.39,164.45,161.99,164.01,10584000,161.13,1.557,154.6257143,151.1972,Green,Green,0.35259999999999997,1.7083596810976311
5/17/2021,2021,5,17,Monday,20,2021-20,163.37,164.85,163.03,164.67,9886800,161.78,0.403,155.5678571,151.485,Red,Red,-0.1618,0.9912957177351267
5/18/2021,2021,5,18,Tuesday,20,2021-20,164.68,165.5,162.24,162.35,11098100,159.5,-1.409,156.2785714,151.6882,Red,Red,-0.1618,0.9912957177351267
5/19/2021,2021,5,19,Wednesday,20,2021-20,161.0,161.18,158.64,161.11,13278900,158.28,-0.765,156.6942857,151.888,Red,Red,-0.1618,0.9912957177351267
5/20/2021,2021,5,20,Thursday,20,2021-20,160.83,161.86,159.52,160.83,10426000,158.0,-0.177,157.1864286,152.0178,Red,Red,-0.1618,0.9912957177351267
5/21/2021,2021,5,21,Friday,20,2021-20,161.34,163.22,160.94,162.66,10249000,159.8,1.139,157.8392857,152.1994,Red,Red,-0.1618,0.9912957177351267
5/24/2021,2021,5,24,Monday,21,2021-21,163.36,164.23,162.12,163.54,9440300,160.67,0.544,158.405,152.3626,Green,Green,0.19680000000000003,0.9472437384327225
5/25/2021,2021,5,25,Tuesday,21,2021-21,163.85,165.7,161.56,161.85,12609100,159.01,-1.033,158.7092857,152.5078,Green,Green,0.19680000000000003,0.9472437384327225
5/26/2021,2021,5,26,Wednesday,21,2021-21,163.57,163.74,161.31,161.83,13058300,158.99,-0.013,158.7892857,152.689,Green,Green,0.19680000000000003,0.9472437384327225
5/27/2021,2021,5,27,Thursday,21,2021-21,163.95,164.75,162.57,164.35,15707500,161.46,1.554,159.0071429,152.8888,Green,Green,0.19680000000000003,0.9472437384327225
5/28/2021,2021,5,28,Friday,21,2021-21,164.68,164.94,163.26,164.24,10291300,161.35,-0.068,159.2185714,153.0364,Green,Green,0.19680000000000003,0.9472437384327225
6/1/2021,2021,6,1,Tuesday,22,2021-22,165.87,166.91,165.48,166.05,9445400,163.13,1.103,159.7457143,153.2686,Green,Green,0.33525,0.5160067021528564
6/2/2021,2021,6,2,Wednesday,22,2021-22,167.26,167.44,165.53,166.06,10498600,163.14,0.006,160.35,153.5824,Green,Green,0.33525,0.5160067021528564
6/3/2021,2021,6,3,Thursday,22,2021-22,165.41,167.25,164.66,166.17,13354400,163.25,0.067,160.6778571,153.928,Green,Green,0.33525,0.5160067021528564
6/4/2021,2021,6,4,Friday,22,2021-22,166.21,166.67,165.03,166.44,8510800,163.52,0.165,160.8485714,154.2562,Green,Green,0.33525,0.5160067021528564
6/7/2021,2021,6,7,Monday,23,2021-23,167.0,167.1,165.14,165.66,7267200,162.75,-0.471,160.9178571,154.5314,Red,Red,-0.7496,0.6262589719916195
6/8/2021,2021,6,8,Tuesday,23,2021-23,164.49,165.76,163.16,165.0,10370700,162.1,-0.399,161.1035714,154.744,Red,Red,-0.7496,0.6262589719916195
6/9/2021,2021,6,9,Wednesday,23,2021-23,164.14,164.22,162.28,162.94,12377400,160.08,-1.246,161.2321429,154.9632,Red,Red,-0.7496,0.6262589719916195
6/10/2021,2021,6,10,Thursday,23,2021-23,164.36,165.24,160.31,160.4,12119400,157.58,-1.562,161.2021429,155.0972,Red,Red,-0.7496,0.6262589719916195
6/11/2021,2021,6,11,Friday,23,2021-23,160.43,161.2,159.06,160.29,13683800,157.47,-0.07,161.0357143,155.273,Red,Red,-0.7496,0.6262589719916195
6/14/2021,2021,6,14,Monday,24,2021-24,160.15,160.33,156.66,157.57,19917900,154.8,-1.696,160.6164286,155.3666,Red,Red,-1.5854,1.3991886220234926
6/15/2021,2021,6,15,Tuesday,24,2021-24,156.7,156.92,154.13,155.18,24485500,152.45,-1.518,160.1478571,155.3972,Red,Red,-1.5854,1.3991886220234926
6/16/2021,2021,6,16,Wednesday,24,2021-24,154.73,157.62,153.11,156.27,25321200,153.52,0.702,159.7571429,155.4704,Red,Red,-1.5854,1.3991886220234926
6/17/2021,2021,6,17,Thursday,24,2021-24,157.1,157.46,151.25,151.76,29722400,149.09,-2.886,158.8735714,155.408,Red,Red,-1.5854,1.3991886220234926
6/18/2021,2021,6,18,Friday,24,2021-24,149.3,149.7,147.56,147.92,43595700,145.32,-2.529,157.7285714,155.2666,Red,Red,-1.5854,1.3991886220234926
6/21/2021,2021,6,21,Monday,25,2021-25,149.08,151.2,149.02,150.43,18664800,147.79,1.7,156.6328571,155.1518,Green,Green,0.817,0.6720040922494446
6/22/2021,2021,6,22,Tuesday,25,2021-25,150.6,150.97,148.66,150.21,14251200,147.57,-0.149,155.5207143,155.039,Green,Green,0.817,0.6720040922494446
6/23/2021,2021,6,23,Wednesday,25,2021-25,150.2,152.04,150.09,151.12,12733300,148.46,0.603,154.4642857,154.9806,Green,Green,0.817,0.6720040922494446
6/24/2021,2021,6,24,Thursday,25,2021-25,151.92,153.12,151.22,152.51,13733200,149.83,0.923,153.4864286,155.0062,Green,Green,0.817,0.6720040922494446
6/25/2021,2021,6,25,Friday,25,2021-25,152.59,154.5,151.67,154.05,15484900,151.34,1.008,152.6714286,155.043,Green,Green,0.817,0.6720040922494446
6/28/2021,2021,6,28,Monday,26,2021-26,153.7,154.48,152.12,154.33,14125800,151.62,0.185,151.9228571,155.0632,Green,Green,0.3724,0.5412751610779862
6/29/2021,2021,6,29,Tuesday,26,2021-26,155.0,156.31,153.61,154.14,14528700,151.43,-0.125,151.305,155.0924,Green,Green,0.3724,0.5412751610779862
6/30/2021,2021,6,30,Wednesday,26,2021-26,153.75,156.08,153.71,155.54,12531000,152.81,0.911,150.9642857,155.2156,Green,Green,0.3724,0.5412751610779862
7/1/2021,2021,7,1,Thursday,26,2021-26,156.26,157.14,155.42,157.08,10479400,154.32,0.988,150.7392857,155.3442,Green,Green,0.3724,0.5412751610779862
7/2/2021,2021,7,2,Friday,26,2021-26,155.95,156.32,155.12,156.03,11424000,154.17,-0.097,150.6942857,155.532,Green,Green,0.3724,0.5412751610779862
7/6/2021,2021,7,6,Tuesday,27,2021-27,155.78,155.78,152.35,153.41,15083400,151.58,-1.68,150.6321429,155.6126,Green,Green,-0.022249999999999992,2.312348067081021
7/7/2021,2021,7,7,Wednesday,27,2021-27,152.01,154.28,151.55,153.59,12271800,151.76,0.119,150.5064286,155.6896,Green,Green,-0.022249999999999992,2.312348067081021
7/8/2021,2021,7,8,Thursday,27,2021-27,151.61,152.53,150.04,150.94,17834600,149.14,-1.726,150.51,155.7006,Green,Green,-0.022249999999999992,2.312348067081021
7/9/2021,2021,7,9,Friday,27,2021-27,153.05,156.15,152.58,155.77,13694500,153.91,3.198,151.1235714,155.7878,Green,Green,-0.022249999999999992,2.312348067081021
7/12/2021,2021,7,12,Monday,28,2021-28,154.35,159.16,153.94,158.0,19940400,156.12,1.436,151.7185714,155.861,Red,Red,-0.49160000000000004,1.453570878904775
7/13/2021,2021,7,13,Tuesday,28,2021-28,156.05,157.39,153.5,155.65,22671700,153.8,-1.486,152.1635714,155.9148,Red,Red,-0.49160000000000004,1.453570878904775
7/14/2021,2021,7,14,Wednesday,28,2021-28,155.95,157.28,152.95,155.12,14622800,153.27,-0.345,152.5071429,155.967,Red,Red,-0.49160000000000004,1.453570878904775
7/15/2021,2021,7,15,Thursday,28,2021-28,153.9,156.53,153.7,155.46,11539300,153.61,0.222,152.7771429,155.9842,Red,Red,-0.49160000000000004,1.453570878904775
7/16/2021,2021,7,16,Friday,28,2021-28,155.96,156.28,151.02,151.91,14002700,150.1,-2.285,152.6885714,155.8912,Red,Red,-0.49160000000000004,1.453570878904775
7/19/2021,2021,7,19,Monday,29,2021-29,148.55,149.82,145.71,146.97,22172900,145.22,-3.251,152.2314286,155.6382,Red,Red,-0.14719999999999994,2.235877389303805
7/20/2021,2021,7,20,Tuesday,29,2021-29,146.52,151.12,146.33,149.71,15385200,147.93,1.866,151.9814286,155.4286,Red,Red,-0.14719999999999994,2.235877389303805
7/21/2021,2021,7,21,Wednesday,29,2021-29,152.05,153.65,151.36,152.86,12356700,151.04,2.102,151.855,155.2816,Red,Red,-0.14719999999999994,2.235877389303805
7/22/2021,2021,7,22,Thursday,29,2021-29,152.88,153.44,149.97,150.93,9913300,149.13,-1.265,151.4842857,155.1492,Red,Red,-0.14719999999999994,2.235877389303805
7/23/2021,2021,7,23,Friday,29,2021-29,151.48,152.84,150.25,150.64,9666100,148.85,-0.188,151.1042857,155.0326,Red,Red,-0.14719999999999994,2.235877389303805
7/26/2021,2021,7,26,Monday,30,2021-30,150.19,151.96,150.17,151.65,8208000,149.84,0.665,150.98,154.8562,Green,Green,0.1518,0.6614489398283137
7/27/2021,2021,7,27,Tuesday,30,2021-30,150.4,152.49,149.8,151.45,11218700,149.65,-0.127,150.8292857,154.6266,Green,Green,0.1518,0.6614489398283137
7/28/2021,2021,7,28,Wednesday,30,2021-30,152.29,152.77,150.88,151.7,9217300,149.89,0.16,150.8828571,154.3888,Green,Green,0.1518,0.6614489398283137
7/29/2021,2021,7,29,Thursday,30,2021-30,153.14,153.87,151.91,153.0,9063500,151.18,0.861,150.6878571,154.2224,Green,Green,0.1518,0.6614489398283137
7/30/2021,2021,7,30,Friday,30,2021-30,152.58,153.67,151.2,151.78,9804600,149.97,-0.8,150.2485714,154.0562,Green,Green,0.1518,0.6614489398283137
8/2/2021,2021,8,2,Monday,31,2021-31,152.03,154.45,151.07,151.17,10203200,149.37,-0.4,149.9321429,153.8836,Green,Green,0.7518,1.5354737705346841
8/3/2021,2021,8,3,Tuesday,31,2021-31,151.95,153.32,149.52,152.89,10394800,151.07,1.138,149.775,153.709,Green,Green,0.7518,1.5354737705346841
8/4/2021,2021,8,4,Wednesday,31,2021-31,151.25,153.37,150.91,151.24,10155000,149.44,-1.079,149.4771429,153.4844,Green,Green,0.7518,1.5354737705346841
8/5/2021,2021,8,5,Thursday,31,2021-31,152.28,153.69,152.01,153.15,9151500,151.33,1.265,149.565,153.3308,Green,Green,0.7518,1.5354737705346841
8/6/2021,2021,8,6,Friday,31,2021-31,155.19,157.82,155.11,157.5,13320700,155.62,2.835,150.3078571,153.2634,Green,Green,0.7518,1.5354737705346841
8/9/2021,2021,8,9,Monday,32,2021-32,157.52,158.55,155.9,157.33,9516900,155.46,-0.103,150.8457143,153.1434,Green,Green,0.3166,0.9793443214722798
8/10/2021,2021,8,10,Tuesday,32,2021-32,156.74,159.98,156.31,159.26,8667000,157.36,1.222,151.2971429,153.0636,Green,Green,0.3166,0.9793443214722798
8/11/2021,2021,8,11,Wednesday,32,2021-32,160.0,161.5,159.08,161.16,9156500,159.24,1.195,152.0192857,152.9858,Green,Green,0.3166,0.9793443214722798
8/12/2021,2021,8,12,Thursday,32,2021-32,161.88,162.37,160.55,161.79,8844200,159.86,0.389,152.8057143,152.9202,Green,Green,0.3166,0.9793443214722798
8/13/2021,2021,8,13,Friday,32,2021-32,161.79,162.16,159.57,159.98,8980000,158.07,-1.12,153.3935714,152.8166,Green,Green,0.3166,0.9793443214722798
8/16/2021,2021,8,16,Monday,33,2021-33,158.94,159.03,156.78,158.93,8755800,157.04,-0.652,153.9214286,152.687,Red,Red,-0.6642,0.5694556172345655
8/17/2021,2021,8,17,Tuesday,33,2021-33,157.57,158.86,155.27,157.01,9347200,155.14,-1.21,154.2964286,152.5348,Red,Red,-0.6642,0.5694556172345655
8/18/2021,2021,8,18,Wednesday,33,2021-33,156.31,158.01,155.34,155.58,8065500,153.73,-0.909,154.4785714,152.3674,Red,Red,-0.6642,0.5694556172345655
8/19/2021,2021,8,19,Thursday,33,2021-33,153.16,155.56,153.01,154.28,9517700,152.44,-0.839,154.655,152.2146,Red,Red,-0.6642,0.5694556172345655
8/20/2021,2021,8,20,Friday,33,2021-33,154.35,154.9,153.16,154.72,6972100,152.88,0.289,154.9057143,152.1206,Red,Red,-0.6642,0.5694556172345655
8/23/2021,2021,8,23,Monday,34,2021-34,155.33,157.09,155.24,156.7,7934600,154.83,1.276,155.1742857,152.0678,Green,Green,1.0558,0.6324778256982612
8/24/2021,2021,8,24,Tuesday,34,2021-34,157.0,158.55,156.87,157.67,7670900,155.79,0.62,155.6278571,152.0876,Green,Green,1.0558,0.6324778256982612
8/25/2021,2021,8,25,Wednesday,34,2021-34,158.51,161.78,157.8,160.92,11335000,159.0,2.06,156.1757143,152.2186,Green,Green,1.0558,0.6324778256982612
8/26/2021,2021,8,26,Thursday,34,2021-34,162.26,163.83,161.15,161.75,11027500,159.82,0.516,156.4757143,152.3446,Green,Green,1.0558,0.6324778256982612
8/27/2021,2021,8,27,Friday,34,2021-34,161.75,163.16,161.26,163.05,8778000,161.11,0.807,156.8792857,152.585,Green,Green,1.0558,0.6324778256982612
8/30/2021,2021,8,30,Monday,35,2021-35,163.21,163.49,159.88,160.44,7937600,158.53,-1.601,156.9628571,152.8492,Red,Red,-0.4382,0.7580073878267942
8/31/2021,2021,8,31,Tuesday,35,2021-35,160.44,161.37,159.35,159.95,12340800,158.04,-0.309,156.8771429,153.0542,Red,Red,-0.4382,0.7580073878267942
9/1/2021,2021,9,1,Wednesday,35,2021-35,160.22,160.76,158.97,159.72,8729900,157.82,-0.139,156.7314286,153.2592,Red,Red,-0.4382,0.7580073878267942
9/2/2021,2021,9,2,Thursday,35,2021-35,160.02,161.61,159.43,160.46,8813300,158.55,0.463,156.7657143,153.461,Red,Red,-0.4382,0.7580073878267942
9/3/2021,2021,9,3,Friday,35,2021-35,160.39,160.89,159.15,159.49,7959700,157.59,-0.605,156.805,153.6162,Red,Red,-0.4382,0.7580073878267942
9/7/2021,2021,9,7,Tuesday,36,2021-36,159.99,161.38,158.96,159.21,9285600,157.31,-0.178,156.96,153.7356,Red,Red,-0.33325,0.6538549150996726
9/8/2021,2021,9,8,Wednesday,36,2021-36,158.89,159.58,158.04,158.5,7852700,156.61,-0.445,157.1657143,153.8354,Red,Red,-0.33325,0.6538549150996726
9/9/2021,2021,9,9,Thursday,36,2021-36,158.27,160.83,158.08,159.19,7904300,157.29,0.434,157.5121429,153.9526,Red,Red,-0.33325,0.6538549150996726
9/10/2021,2021,9,10,Friday,36,2021-36,160.56,160.72,157.22,157.36,8309400,155.49,-1.144,157.6985714,154.0062,Red,Red,-0.33325,0.6538549150996726
9/13/2021,2021,9,13,Monday,37,2021-37,158.53,160.05,158.07,159.86,10052800,157.96,1.589,157.9221429,154.079,Red,Red,0.04619999999999996,1.2370673789248505
9/14/2021,2021,9,14,Tuesday,37,2021-37,160.45,161.34,156.26,157.07,11685600,155.2,-1.747,157.88,154.0996,Red,Red,0.04619999999999996,1.2370673789248505
9/15/2021,2021,9,15,Wednesday,37,2021-37,156.72,158.69,156.47,158.16,11691500,156.28,0.696,157.6857143,154.1936,Red,Red,0.04619999999999996,1.2370673789248505
9/16/2021,2021,9,16,Thursday,37,2021-37,159.41,160.85,157.22,158.09,10880900,156.21,-0.045,157.4278571,154.2826,Red,Red,0.04619999999999996,1.2370673789248505
9/17/2021,2021,9,17,Friday,37,2021-37,157.38,159.01,157.0,157.68,25581600,155.8,-0.262,157.0485714,154.4158,Red,Red,0.04619999999999996,1.2370673789248505
9/20/2021,2021,9,20,Monday,38,2021-38,153.89,154.56,150.49,152.96,15819900,151.14,-2.991,156.5207143,154.3604,Green,Green,0.6942,2.3960579500504573
9/21/2021,2021,9,21,Tuesday,38,2021-38,153.53,154.55,152.58,152.98,8999900,151.16,0.013,156.0292857,154.2612,Green,Green,0.6942,2.3960579500504573
9/22/2021,2021,9,22,Wednesday,38,2021-38,155.2,157.25,155.1,155.91,11236200,154.05,1.912,155.76,154.2662,Green,Green,0.6942,2.3960579500504573
9/23/2021,2021,9,23,Thursday,38,2021-38,158.0,161.71,157.67,161.18,12336100,159.26,3.382,155.8107143,154.386,Green,Green,0.6942,2.3960579500504573
9/24/2021,2021,9,24,Friday,38,2021-38,161.44,163.59,160.82,163.04,10102400,161.1,1.155,156.0614286,154.5358,Green,Green,0.6942,2.3960579500504573
9/27/2021,2021,9,27,Monday,39,2021-39,165.0,167.4,164.61,166.98,13220900,164.99,2.415,156.61,154.8336,Green,Green,0.5077999999999999,1.6664098235428162
9/28/2021,2021,9,28,Tuesday,39,2021-39,167.7,169.3,165.66,166.08,13387900,164.1,-0.539,157.145,155.2112,Green,Green,0.5077999999999999,1.6664098235428162
9/29/2021,2021,9,29,Wednesday,39,2021-39,166.21,166.9,165.04,165.95,7777100,163.97,-0.079,157.6221429,155.532,Green,Green,0.5077999999999999,1.6664098235428162
9/30/2021,2021,9,30,Thursday,39,2021-39,166.92,166.99,162.79,163.69,13161200,161.74,-1.36,158.0685714,155.746,Green,Green,0.5077999999999999,1.6664098235428162
10/1/2021,2021,10,1,Friday,39,2021-39,164.0,168.3,163.6,167.13,11285000,165.14,2.102,158.5814286,156.0662,Green,Green,0.5077999999999999,1.6664098235428162
10/4/2021,2021,10,4,Monday,40,2021-40,166.97,170.44,165.73,166.95,14120000,164.96,-0.109,159.2785714,156.3884,Green,Green,0.4902,0.6974146542767795
10/5/2021,2021,10,5,Tuesday,40,2021-40,167.21,170.14,166.67,168.66,12292900,167.66,1.637,160.0914286,156.7448,Green,Green,0.4902,0.6974146542767795
10/6/2021,2021,10,6,Wednesday,40,2021-40,167.99,169.1,166.0,169.02,8692600,168.01,0.209,160.9342857,157.112,Green,Green,0.4902,0.6974146542767795
10/7/2021,2021,10,7,Thursday,40,2021-40,171.2,171.51,169.54,170.09,10195400,169.08,0.637,161.8828571,157.4958,Green,Green,0.4902,0.6974146542767795
10/8/2021,2021,10,8,Friday,40,2021-40,170.02,171.34,169.3,170.22,8188800,169.21,0.077,163.1735714,157.8564,Green,Green,0.4902,0.6974146542767795
10/11/2021,2021,10,11,Monday,41,2021-41,170.8,171.29,166.46,166.64,12154700,165.65,-2.104,164.2085714,158.17,Red,Red,-0.41080000000000005,2.071671233569651
10/12/2021,2021,10,12,Tuesday,41,2021-41,165.75,166.69,164.77,165.36,13032600,164.37,-0.773,164.9457143,158.47,Red,Red,-0.41080000000000005,2.071671233569651
10/13/2021,2021,10,13,Wednesday,41,2021-41,164.07,165.41,160.6,161.0,22753500,160.04,-2.634,165.0014286,158.6494,Red,Red,-0.41080000000000005,2.071671233569651
10/14/2021,2021,10,14,Thursday,41,2021-41,161.75,164.01,160.06,163.47,15176800,162.5,1.537,165.1014286,158.9106,Red,Red,-0.41080000000000005,2.071671233569651
10/15/2021,2021,10,15,Friday,41,2021-41,165.35,167.17,164.14,166.61,14261100,165.62,1.92,165.1464286,159.1964,Red,Red,-0.41080000000000005,2.071671233569651
10/18/2021,2021,10,18,Monday,42,2021-42,166.48,168.61,165.91,166.55,12672900,165.56,-0.036,165.2507143,159.3952,Green,Green,0.617,0.9750376915791513
10/19/2021,2021,10,19,Tuesday,42,2021-42,167.4,168.65,166.58,168.57,8053900,167.57,1.214,165.5078571,159.6374,Green,Green,0.617,0.9750376915791513
10/20/2021,2021,10,20,Wednesday,42,2021-42,168.3,170.87,167.46,170.84,8185600,169.82,1.343,166.085,159.8866,Green,Green,0.617,0.9750376915791513
10/21/2021,2021,10,21,Thursday,42,2021-42,170.76,171.33,168.68,169.5,8415200,168.49,-0.783,166.3242857,160.0716,Green,Green,0.617,0.9750376915791513
10/22/2021,2021,10,22,Friday,42,2021-42,170.03,172.09,169.7,171.78,8817900,170.76,1.347,166.7385714,160.2896,Green,Green,0.617,0.9750376915791513
10/25/2021,2021,10,25,Monday,43,2021-43,172.71,172.96,170.48,170.94,10159200,169.92,-0.492,166.9,160.5266,Red,Red,-0.21440000000000006,1.3007433643882256
10/26/2021,2021,10,26,Tuesday,43,2021-43,171.0,172.49,170.54,171.4,8015100,170.38,0.271,167.0692857,160.7934,Red,Red,-0.21440000000000006,1.3007433643882256
10/27/2021,2021,10,27,Wednesday,43,2021-43,170.32,170.7,167.34,167.83,9847000,166.83,-2.084,166.9085714,161.0272,Red,Red,-0.21440000000000006,1.3007433643882256
10/28/2021,2021,10,28,Thursday,43,2021-43,168.3,170.51,167.96,170.36,7212900,169.34,1.505,166.9178571,161.3394,Red,Red,-0.21440000000000006,1.3007433643882256
10/29/2021,2021,10,29,Friday,43,2021-43,171.18,172.24,169.39,169.89,8139500,168.88,-0.272,167.1485714,161.6682,Red,Red,-0.21440000000000006,1.3007433643882256
11/1/2021,2021,11,1,Monday,44,2021-44,172.04,172.33,169.01,169.8,7435500,168.79,-0.053,167.4642857,161.9864,Red,Red,-0.21600000000000003,0.6442406382711354
11/2/2021,2021,11,2,Tuesday,44,2021-44,169.8,171.69,168.92,170.47,7173800,169.45,0.391,168.1364286,162.2788,Red,Red,-0.21600000000000003,0.6442406382711354
11/3/2021,2021,11,3,Wednesday,44,2021-44,170.13,171.13,169.15,170.53,8402700,169.51,0.035,168.6371429,162.5532,Red,Red,-0.21600000000000003,0.6442406382711354
11/4/2021,2021,11,4,Thursday,44,2021-44,170.0,170.2,166.49,168.29,9574200,167.29,-1.31,168.7564286,162.719,Red,Red,-0.21600000000000003,0.6442406382711354
11/5/2021,2021,11,5,Friday,44,2021-44,168.9,170.09,167.41,168.05,7971800,167.05,-0.143,168.8628571,162.8636,Red,Red,-0.21600000000000003,0.6442406382711354
11/8/2021,2021,11,8,Monday,45,2021-45,169.05,170.92,168.74,169.06,6413700,168.05,0.599,168.8971429,163.0024,Red,Red,-0.1406,0.5093827637445146
11/9/2021,2021,11,9,Tuesday,45,2021-45,167.35,168.47,166.6,167.78,7990300,166.78,-0.756,168.68,163.1674,Red,Red,-0.1406,0.5093827637445146
11/10/2021,2021,11,10,Wednesday,45,2021-45,167.45,168.95,167.09,167.62,6999200,166.62,-0.096,168.5464286,163.339,Red,Red,-0.1406,0.5093827637445146
11/11/2021,2021,11,11,Thursday,45,2021-45,167.52,168.68,166.9,167.61,5815300,166.61,-0.006,168.25,163.5148,Red,Red,-0.1406,0.5093827637445146
11/12/2021,2021,11,12,Friday,45,2021-45,167.65,167.74,165.72,166.86,8111600,165.87,-0.444,167.9607143,163.6612,Red,Red,-0.1406,0.5093827637445146
11/15/2021,2021,11,15,Monday,46,2021-46,167.21,167.79,166.0,166.56,6492500,165.57,-0.181,167.6171429,163.8208,Red,Red,-0.7222000000000001,0.4155282180550438
11/16/2021,2021,11,16,Tuesday,46,2021-46,167.06,167.07,165.12,165.36,9706100,164.37,-0.725,167.4414286,163.962,Red,Red,-0.7222000000000001,0.4155282180550438
11/17/2021,2021,11,17,Wednesday,46,2021-46,165.21,165.56,163.39,164.47,9909600,163.49,-0.535,167.0235714,164.0996,Red,Red,-0.7222000000000001,0.4155282180550438
11/18/2021,2021,11,18,Thursday,46,2021-46,164.39,164.85,162.56,163.05,8122500,162.08,-0.862,166.5378571,164.1954,Red,Red,-0.7222000000000001,0.4155282180550438
11/19/2021,2021,11,19,Friday,46,2021-46,161.3,162.11,159.45,160.92,12193600,159.96,-1.308,165.9071429,164.2848,Red,Red,-0.7222000000000001,0.4155282180550438
11/22/2021,2021,11,22,Monday,47,2021-47,164.16,165.98,162.99,164.35,14549900,163.37,2.132,165.4728571,164.393,Green,Green,0.18225000000000002,2.571009577967379
11/23/2021,2021,11,23,Tuesday,47,2021-47,165.5,168.56,165.37,168.28,12354400,167.28,2.393,165.3135714,164.6346,Green,Green,0.18225000000000002,2.571009577967379
11/24/2021,2021,11,24,Wednesday,47,2021-47,168.46,169.44,166.44,166.96,9629800,165.97,-0.783,165.2192857,164.8284,Green,Green,0.18225000000000002,2.571009577967379
11/26/2021,2021,11,26,Friday,47,2021-47,162.14,162.65,158.82,161.93,13619300,160.97,-3.013,164.785,164.9236,Green,Green,0.18225000000000002,2.571009577967379
11/29/2021,2021,11,29,Monday,48,2021-48,163.31,164.78,159.82,161.23,12104400,160.27,-0.435,164.2292857,165.013,Red,Red,-0.4444,1.538707184619608
11/30/2021,2021,11,30,Tuesday,48,2021-48,159.16,160.63,158.29,158.83,18922600,157.88,-1.491,163.5935714,165.1478,Red,Red,-0.4444,1.538707184619608
12/1/2021,2021,12,1,Wednesday,48,2021-48,161.0,163.27,157.8,157.89,12253400,156.95,-0.589,162.9028571,165.2636,Red,Red,-0.4444,1.538707184619608
12/2/2021,2021,12,2,Thursday,48,2021-48,159.83,163.25,158.8,161.21,12969900,160.25,2.103,162.4485714,165.3876,Red,Red,-0.4444,1.538707184619608
12/3/2021,2021,12,3,Friday,48,2021-48,161.5,161.83,157.19,158.29,12679900,157.35,-1.81,161.84,165.3494,Red,Red,-0.4444,1.538707184619608
12/6/2021,2021,12,6,Monday,49,2021-49,161.01,162.61,159.46,160.16,11186500,159.21,1.182,161.3857143,165.3116,Green,Green,0.19739999999999996,1.1120563385008873
12/7/2021,2021,12,7,Tuesday,49,2021-49,161.88,163.39,161.16,162.57,9851600,161.6,1.501,161.1878571,165.2438,Green,Green,0.19739999999999996,1.1120563385008873
12/8/2021,2021,12,8,Wednesday,49,2021-49,162.66,163.27,160.17,160.71,11705700,159.75,-1.145,160.9207143,165.1568,Green,Green,0.19739999999999996,1.1120563385008873
12/9/2021,2021,12,9,Thursday,49,2021-49,159.65,160.93,158.65,160.46,11189600,159.5,-0.156,160.7364286,165.0674,Green,Green,0.19739999999999996,1.1120563385008873
12/10/2021,2021,12,10,Friday,49,2021-49,161.32,161.7,159.13,159.82,10396200,158.87,-0.395,160.6585714,165.01,Green,Green,0.19739999999999996,1.1120563385008873
12/13/2021,2021,12,13,Monday,50,2021-50,159.5,159.79,157.28,157.92,12069000,156.98,-1.19,160.2021429,164.8468,Red,Red,-0.3762,1.536090882727972
12/14/2021,2021,12,14,Tuesday,50,2021-50,157.45,160.89,157.3,159.13,12563600,158.18,0.764,159.5521429,164.7112,Red,Red,-0.3762,1.536090882727972
12/15/2021,2021,12,15,Wednesday,50,2021-50,159.85,159.85,157.35,157.94,14014200,157.0,-0.746,158.9114286,164.498,Red,Red,-0.3762,1.536090882727972
12/16/2021,2021,12,16,Thursday,50,2021-50,160.39,161.82,158.7,160.41,19542800,159.45,1.561,158.8028571,164.3268,Red,Red,-0.3762,1.536090882727972
12/17/2021,2021,12,17,Friday,50,2021-50,159.32,159.38,155.18,156.76,28082000,155.83,-2.27,158.4857143,164.0618,Red,Red,-0.3762,1.536090882727972
12/20/2021,2021,12,20,Monday,51,2021-51,154.51,154.7,151.84,153.94,15148000,153.02,-1.803,158.1385714,163.738,Red,Red,0.08550000000000002,1.3488052738133354
12/21/2021,2021,12,21,Tuesday,51,2021-51,155.41,157.18,155.09,156.09,11291300,155.16,1.399,158.0107143,163.5282,Red,Red,0.08550000000000002,1.3488052738133354
12/22/2021,2021,12,22,Wednesday,51,2021-51,155.75,157.06,155.24,156.7,7273000,155.77,0.393,157.6907143,163.3562,Red,Red,0.08550000000000002,1.3488052738133354
12/23/2021,2021,12,23,Thursday,51,2021-51,157.61,159.12,157.21,157.26,8055200,156.32,0.353,157.6171429,163.2818,Red,Red,0.08550000000000002,1.3488052738133354
12/27/2021,2021,12,27,Monday,52,2021-52,157.6,158.2,156.34,158.16,6188100,157.22,0.576,157.475,163.1762,Green,Green,0.19499999999999998,0.30200110375074235
12/28/2021,2021,12,28,Tuesday,52,2021-52,158.2,160.15,158.08,158.64,6342300,157.69,0.299,157.1957143,163.0176,Green,Green,0.19499999999999998,0.30200110375074235
12/29/2021,2021,12,29,Wednesday,52,2021-52,158.85,159.63,158.15,158.56,6398900,157.62,-0.044,157.0435714,162.8588,Green,Green,0.19499999999999998,0.30200110375074235
12/30/2021,2021,12,30,Thursday,52,2021-52,159.11,160.24,158.37,158.48,6948200,157.54,-0.051,156.9035714,162.6582,Green,Green,0.19499999999999998,0.30200110375074235
